18:30:20 up=04:56 cpu=19.7 mt=2479 layout=2 layout%=0 evals60s=1259
18:31:20 up=05:56 cpu=6.8 mt=2468 layout=1 layout%=0 evals60s=279
18:32:21 up=06:57 cpu=45.2 mt=2455 layout=2 layout%=0 evals60s=279
18:33:21 up=07:57 cpu=18.2 mt=2566 layout=2 layout%=0 evals60s=301
18:34:21 up=08:57 cpu=12.4 mt=2563 layout=2 layout%=0 evals60s=303
18:35:22 up=09:58 cpu=15.7 mt=0 layout=5 layout%=0 evals60s=303
18:36:22 up=10:58 cpu=25.5 mt=2525 layout=3 layout%=0 evals60s=303
18:37:22 up=11:58 cpu=11.7 mt=2551 layout=3 layout%=0 evals60s=302
18:38:23 up=12:59 cpu=15.7 mt=2551 layout=2 layout%=0 evals60s=279
18:39:23 up=13:59 cpu=30.2 mt=0 layout=1 layout%=0 evals60s=303
18:40:23 up=14:59 cpu=14.9 mt=0 layout=1 layout%=0 evals60s=302
18:41:23 up=15:59 cpu=14.4 mt=2579 layout=2 layout%=0 evals60s=303
18:42:24 up=17:00 cpu=33.4 mt=2583 layout=7 layout%=0 evals60s=303
18:43:24 up=18:00 cpu=17.8 mt=0 layout=1 layout%=0 evals60s=302
18:44:25 up=19:01 cpu=16.1 mt=2568 layout=1 layout%=0 evals60s=279
18:45:25 up=20:01 cpu=25.4 mt=2572 layout=4 layout%=0 evals60s=303
18:46:25 up=21:01 cpu=24.1 mt=2568 layout=2 layout%=0 evals60s=302
18:47:25 up=22:01 cpu=20.3 mt=2580 layout=3 layout%=0 evals60s=303
18:48:26 up=23:02 cpu=31.8 mt=2554 layout=2 layout%=0 evals60s=279
18:49:26 up=24:02 cpu=23.5 mt=0 layout=7 layout%=0 evals60s=303
18:50:27 up=25:03 cpu=40.8 mt=2573 layout=2 layout%=0 evals60s=302
18:51:27 up=26:03 cpu=24.2 mt=2568 layout=4 layout%=0 evals60s=303
18:52:27 up=27:03 cpu=14.3 mt=0 layout=296 layout%=0 evals60s=279
18:53:28 up=28:04 cpu=32.9 mt=2566 layout=1 layout%=0 evals60s=303
18:54:28 up=29:04 cpu=19.7 mt=2565 layout=3 layout%=0 evals60s=302
18:55:29 up=30:05 cpu=48.1 mt=2534 layout=2 layout%=0 evals60s=303
18:56:29 up=31:05 cpu=23.6 mt=2563 layout=4 layout%=0 evals60s=279
18:57:29 up=32:05 cpu=28.6 mt=2533 layout=3 layout%=0 evals60s=303
18:58:30 up=33:06 cpu=33.8 mt=2559 layout=336 layout%=13 evals60s=302
18:59:30 up=34:06 cpu=27.0 mt=2570 layout=1 layout%=0 evals60s=279
18:59:53 up=34:29 cpu=32.8 mt=2584 layout=339 layout%=13 rss=430MB evals60s=9962
19:00:30 up=35:06 cpu=20.5 mt=2548 layout=2 layout%=0 evals60s=303
19:00:53 up=35:29 cpu=29.5 mt=0 layout=4 layout%=0 rss=482MB evals60s=303
19:01:31 up=36:07 cpu=28.1 mt=2526 layout=1 layout%=0 evals60s=303
19:01:53 up=36:29 cpu=20.6 mt=2574 layout=4 layout%=0 rss=422MB evals60s=279
19:02:32 up=37:08 cpu=23.6 mt=2553 layout=2 layout%=0 evals60s=279
19:02:54 up=37:30 cpu=46.1 mt=0 layout=2 layout%=0 rss=484MB evals60s=302
19:03:32 up=38:08 cpu=34.5 mt=2561 layout=1 layout%=0 evals60s=303
19:03:54 up=38:30 cpu=28.4 mt=2561 layout=1 layout%=0 rss=430MB evals60s=303
19:04:32 up=39:08 cpu=23.4 mt=0 layout=1 layout%=0 evals60s=302
19:04:54 up=39:30 cpu=23.1 mt=2563 layout=2 layout%=0 rss=481MB evals60s=303
19:05:32 up=40:08 cpu=27.6 mt=2561 layout=3 layout%=0 evals60s=303
19:05:55 up=40:31 cpu=44.9 mt=2573 layout=2 layout%=0 rss=432MB evals60s=279
19:06:33 up=41:09 cpu=56.6 mt=2576 layout=1 layout%=0 evals60s=279
19:06:55 up=41:31 cpu=33.9 mt=2562 layout=386 layout%=15 rss=433MB evals60s=302
19:07:33 up=42:09 cpu=24.2 mt=2571 layout=6 layout%=0 evals60s=303
19:07:55 up=42:31 cpu=32.2 mt=2585 layout=1 layout%=0 rss=435MB evals60s=303
19:08:33 up=43:09 cpu=17.4 mt=2562 layout=396 layout%=15 evals60s=302
19:08:56 up=43:32 cpu=50.5 mt=0 layout=1 layout%=0 rss=494MB evals60s=279
19:09:34 up=44:10 cpu=50.1 mt=0 layout=4 layout%=0 evals60s=279
19:09:56 up=44:32 cpu=57.3 mt=2557 layout=2 layout%=0 rss=447MB evals60s=303
19:10:34 up=45:10 cpu=26.8 mt=2537 layout=1 layout%=0 evals60s=303
19:10:56 up=45:32 cpu=23.0 mt=2572 layout=1 layout%=0 rss=443MB evals60s=302
19:11:35 up=46:11 cpu=21.8 mt=0 layout=371 layout%=0 evals60s=302
19:11:57 up=46:33 cpu=19.0 mt=2328 layout=4 layout%=0 rss=450MB evals60s=280
19:12:35 up=47:11 cpu=36.9 mt=2316 layout=2 layout%=0 evals60s=280
19:12:57 up=00:16 cpu=0.2 mt=2329 layout=1 layout%=0 rss=75MB evals60s=209
19:13:57 up=01:16 cpu=5.7 mt=2524 layout=2 layout%=0 rss=114MB evals60s=0
19:14:58 up=02:17 cpu=16.3 mt=2495 layout=5 layout%=0 rss=221MB evals60s=0
19:15:58 up=03:17 cpu=34.3 mt=0 layout=3 layout%=0 rss=290MB evals60s=0
19:16:58 up=04:17 cpu=15.2 mt=2498 layout=5 layout%=0 rss=245MB evals60s=0
19:17:58 up=05:17 cpu=13.3 mt=2545 layout=1 layout%=0 rss=191MB evals60s=0
19:18:59 up=06:18 cpu=12.5 mt=2564 layout=1 layout%=0 rss=192MB evals60s=0
19:19:59 up=07:18 cpu=11.0 mt=0 layout=4 layout%=0 rss=197MB evals60s=0
19:21:00 up=08:19 cpu=15.3 mt=2500 layout=6 layout%=0 rss=251MB evals60s=0
19:22:00 up=09:19 cpu=15.6 mt=2510 layout=2 layout%=0 rss=195MB evals60s=0
19:23:00 up=10:19 cpu=12.3 mt=2520 layout=2 layout%=0 rss=195MB evals60s=0
19:24:01 up=11:20 cpu=14.4 mt=0 layout=5 layout%=0 rss=195MB evals60s=0
19:25:01 up=12:20 cpu=12.1 mt=2536 layout=4 layout%=0 rss=249MB evals60s=0
19:26:01 up=13:20 cpu=10.6 mt=2568 layout=1 layout%=0 rss=190MB evals60s=0
19:27:02 up=14:21 cpu=16.2 mt=2511 layout=3 layout%=0 rss=190MB evals60s=0
19:28:02 up=15:21 cpu=10.7 mt=2529 layout=3 layout%=0 rss=190MB evals60s=0
19:29:02 up=16:21 cpu=14.9 mt=2512 layout=2 layout%=0 rss=190MB evals60s=0
19:30:02 up=17:21 cpu=14.3 mt=2557 layout=4 layout%=0 rss=190MB evals60s=0
19:31:03 up=18:22 cpu=10.2 mt=2527 layout=4 layout%=0 rss=196MB evals60s=0
19:32:03 up=19:22 cpu=10.2 mt=2324 layout=2 layout%=0 rss=196MB evals60s=0
19:33:03 up=20:22 cpu=13.7 mt=2289 layout=8 layout%=0 rss=190MB evals60s=0
19:34:04 up=21:23 cpu=12.9 mt=0 layout=2 layout%=0 rss=191MB evals60s=0
19:35:04 up=22:23 cpu=13.1 mt=2579 layout=1 layout%=0 rss=244MB evals60s=0
19:36:05 up=23:24 cpu=9.8 mt=2565 layout=1 layout%=0 rss=191MB evals60s=0
19:37:05 up=24:24 cpu=12.8 mt=2516 layout=4 layout%=0 rss=197MB evals60s=0
19:38:05 up=25:24 cpu=14.3 mt=2515 layout=8 layout%=0 rss=197MB evals60s=0
19:39:06 up=26:25 cpu=13.0 mt=2560 layout=1 layout%=0 rss=197MB evals60s=0
19:40:06 up=27:25 cpu=11.5 mt=2546 layout=5 layout%=0 rss=202MB evals60s=0
19:41:06 up=28:25 cpu=15.1 mt=2300 layout=4 layout%=0 rss=197MB evals60s=0
19:42:06 up=29:25 cpu=14.2 mt=2361 layout=7 layout%=0 rss=197MB evals60s=0
19:43:07 up=30:26 cpu=16.5 mt=2305 layout=3 layout%=0 rss=197MB evals60s=0
19:44:07 up=31:26 cpu=16.3 mt=2348 layout=4 layout%=0 rss=192MB evals60s=0
19:45:07 up=32:26 cpu=11.8 mt=2329 layout=2 layout%=0 rss=197MB evals60s=0
19:46:08 up=33:27 cpu=15.3 mt=2313 layout=9 layout%=0 rss=197MB evals60s=0
19:47:08 up=34:27 cpu=12.7 mt=2316 layout=2 layout%=0 rss=197MB evals60s=0
19:48:08 up=35:27 cpu=14.7 mt=0 layout=1 layout%=0 rss=197MB evals60s=0
19:49:08 up=36:27 cpu=11.8 mt=2362 layout=1 layout%=0 rss=197MB evals60s=0
19:50:09 up=37:28 cpu=10.9 mt=2401 layout=5 layout%=0 rss=197MB evals60s=0
19:51:09 up=38:28 cpu=12.7 mt=2332 layout=9 layout%=0 rss=197MB evals60s=0
19:52:10 up=39:29 cpu=13.5 mt=2350 layout=2 layout%=0 rss=255MB evals60s=0
19:53:10 up=40:29 cpu=15.1 mt=2285 layout=6 layout%=0 rss=193MB evals60s=0
19:54:10 up=41:29 cpu=11.2 mt=0 layout=6 layout%=0 rss=192MB evals60s=0
19:55:10 up=42:29 cpu=12.6 mt=2324 layout=1 layout%=0 rss=192MB evals60s=0
19:56:11 up=43:30 cpu=14.3 mt=2309 layout=3 layout%=0 rss=192MB evals60s=0
19:57:11 up=44:30 cpu=14.0 mt=2320 layout=3 layout%=0 rss=192MB evals60s=0
19:58:12 up=45:31 cpu=16.4 mt=2313 layout=4 layout%=0 rss=192MB evals60s=0
19:59:12 up=46:31 cpu=13.4 mt=0 layout=3 layout%=0 rss=193MB evals60s=0
20:00:12 up=47:31 cpu=11.7 mt=2278 layout=4 layout%=0 rss=192MB evals60s=0
20:01:13 up=48:32 cpu=14.4 mt=2297 layout=9 layout%=0 rss=198MB evals60s=0
20:02:13 up=49:32 cpu=16.8 mt=2284 layout=4 layout%=0 rss=198MB evals60s=0
20:03:13 up=50:32 cpu=14.9 mt=0 layout=5 layout%=0 rss=198MB evals60s=0
20:04:13 up=51:32 cpu=10.9 mt=2579 layout=4 layout%=0 rss=198MB evals60s=0
20:05:14 up=52:33 cpu=13.3 mt=0 layout=6 layout%=0 rss=198MB evals60s=0
20:06:14 up=53:33 cpu=14.1 mt=2537 layout=6 layout%=0 rss=198MB evals60s=0
20:07:14 up=54:33 cpu=14.3 mt=2501 layout=5 layout%=0 rss=198MB evals60s=0
20:08:15 up=55:34 cpu=15.9 mt=0 layout=2 layout%=0 rss=198MB evals60s=0
20:09:15 up=56:34 cpu=14.7 mt=2511 layout=1 layout%=0 rss=198MB evals60s=0
20:10:15 up=57:34 cpu=11.8 mt=2409 layout=3 layout%=0 rss=198MB evals60s=0
20:11:16 up=58:35 cpu=13.2 mt=2283 layout=4 layout%=0 rss=198MB evals60s=0
20:12:16 up=59:35 cpu=17.8 mt=0 layout=6 layout%=0 rss=198MB evals60s=0
20:13:16 up=01:00:35 cpu=13.9 mt=2292 layout=5 layout%=0 rss=198MB evals60s=0
20:14:17 up=01:01:36 cpu=13.6 mt=0 layout=4 layout%=0 rss=198MB evals60s=0
20:15:17 up=01:02:36 cpu=16.1 mt=2514 layout=1 layout%=0 rss=198MB evals60s=0
20:16:17 up=01:03:36 cpu=13.2 mt=2524 layout=3 layout%=0 rss=198MB evals60s=0
20:17:17 up=01:04:36 cpu=14.2 mt=2517 layout=1 layout%=0 rss=198MB evals60s=0
20:18:18 up=01:05:37 cpu=15.7 mt=2516 layout=2 layout%=0 rss=198MB evals60s=0
20:19:18 up=01:06:37 cpu=18.7 mt=2504 layout=3 layout%=0 rss=198MB evals60s=0
20:20:18 up=01:07:37 cpu=15.3 mt=2312 layout=7 layout%=0 rss=203MB evals60s=0
20:21:19 up=01:08:38 cpu=14.7 mt=2289 layout=4 layout%=0 rss=198MB evals60s=0
20:22:19 up=01:09:38 cpu=14.7 mt=2285 layout=1 layout%=0 rss=198MB evals60s=0
20:23:19 up=01:10:38 cpu=14.4 mt=2304 layout=7 layout%=0 rss=204MB evals60s=0
20:24:19 up=01:11:38 cpu=14.0 mt=2299 layout=3 layout%=0 rss=198MB evals60s=0
20:25:20 up=01:12:39 cpu=15.3 mt=2285 layout=5 layout%=0 rss=198MB evals60s=0
20:26:20 up=01:13:39 cpu=17.7 mt=2289 layout=1 layout%=0 rss=198MB evals60s=0
20:27:20 up=01:14:39 cpu=14.2 mt=2508 layout=1 layout%=0 rss=198MB evals60s=0
20:28:21 up=01:15:40 cpu=14.4 mt=2498 layout=3 layout%=0 rss=199MB evals60s=0
20:29:21 up=01:16:40 cpu=15.3 mt=0 layout=4 layout%=0 rss=198MB evals60s=0
20:30:21 up=01:17:40 cpu=13.5 mt=2496 layout=2 layout%=0 rss=199MB evals60s=0
20:31:22 up=01:18:41 cpu=15.4 mt=2502 layout=3 layout%=0 rss=199MB evals60s=0
20:32:22 up=01:19:41 cpu=15.1 mt=2493 layout=3 layout%=0 rss=199MB evals60s=0
20:33:22 up=01:20:41 cpu=15.4 mt=2501 layout=3 layout%=0 rss=198MB evals60s=0
20:34:22 up=01:21:41 cpu=16.7 mt=0 layout=5 layout%=0 rss=199MB evals60s=0
20:35:23 up=01:22:42 cpu=16.6 mt=2489 layout=2 layout%=0 rss=199MB evals60s=0
20:36:23 up=01:23:42 cpu=7.0 mt=2488 layout=15 layout%=0 rss=199MB evals60s=0
20:37:23 up=01:24:42 cpu=7.2 mt=2538 layout=1 layout%=0 rss=256MB evals60s=0
20:38:24 up=01:25:43 cpu=9.7 mt=0 layout=3 layout%=0 rss=262MB evals60s=0
20:39:24 up=01:26:43 cpu=9.4 mt=2511 layout=2 layout%=0 rss=194MB evals60s=0
20:40:24 up=01:27:43 cpu=9.2 mt=2464 layout=2 layout%=0 rss=257MB evals60s=0
20:41:25 up=01:28:43 cpu=6.8 mt=2465 layout=4 layout%=0 rss=194MB evals60s=0
20:42:25 up=01:29:44 cpu=10.2 mt=0 layout=3 layout%=0 rss=199MB evals60s=0
20:43:25 up=01:30:44 cpu=7.8 mt=2456 layout=4 layout%=0 rss=205MB evals60s=0
20:44:25 up=01:31:44 cpu=8.8 mt=2463 layout=2 layout%=0 rss=263MB evals60s=0
20:45:26 up=01:32:45 cpu=10.5 mt=0 layout=4 layout%=0 rss=205MB evals60s=0
20:46:26 up=01:33:45 cpu=12.7 mt=0 layout=4 layout%=0 rss=205MB evals60s=0
20:47:26 up=01:34:45 cpu=10.5 mt=2278 layout=3 layout%=0 rss=200MB evals60s=0
20:48:27 up=01:35:46 cpu=13.7 mt=2264 layout=1 layout%=0 rss=200MB evals60s=0
20:49:27 up=01:36:46 cpu=10.1 mt=0 layout=7 layout%=0 rss=200MB evals60s=0
20:50:27 up=01:37:46 cpu=11.8 mt=2224 layout=4 layout%=0 rss=200MB evals60s=0
20:51:28 up=01:38:46 cpu=10.4 mt=2269 layout=4 layout%=0 rss=200MB evals60s=0
20:52:28 up=01:39:47 cpu=12.1 mt=2283 layout=11 layout%=0 rss=258MB evals60s=0
20:53:28 up=01:40:47 cpu=12.2 mt=0 layout=8 layout%=0 rss=200MB evals60s=0
20:54:28 up=01:41:47 cpu=12.2 mt=0 layout=2 layout%=0 rss=200MB evals60s=0
20:55:29 up=01:42:48 cpu=13.9 mt=2209 layout=5 layout%=0 rss=200MB evals60s=0
20:56:29 up=01:43:48 cpu=11.0 mt=2284 layout=9 layout%=0 rss=200MB evals60s=0
20:57:29 up=01:44:48 cpu=12.5 mt=2220 layout=5 layout%=0 rss=200MB evals60s=0
20:58:30 up=01:45:49 cpu=11.1 mt=2218 layout=4 layout%=0 rss=200MB evals60s=0
20:59:30 up=01:46:49 cpu=16.7 mt=2216 layout=2 layout%=0 rss=206MB evals60s=0
21:00:30 up=01:47:49 cpu=13.6 mt=0 layout=5 layout%=0 rss=200MB evals60s=0
21:01:30 up=01:48:49 cpu=12.3 mt=2223 layout=7 layout%=0 rss=200MB evals60s=0
21:02:31 up=01:49:50 cpu=13.6 mt=0 layout=5 layout%=0 rss=200MB evals60s=0
21:03:31 up=01:50:50 cpu=10.5 mt=2263 layout=9 layout%=0 rss=206MB evals60s=0
21:04:31 up=01:51:50 cpu=12.2 mt=2205 layout=6 layout%=0 rss=200MB evals60s=0
21:05:32 up=01:52:51 cpu=13.9 mt=2211 layout=5 layout%=0 rss=200MB evals60s=0
21:06:32 up=01:53:51 cpu=13.0 mt=2222 layout=6 layout%=0 rss=200MB evals60s=0
21:07:32 up=01:54:51 cpu=14.2 mt=2212 layout=8 layout%=0 rss=200MB evals60s=0
21:08:33 up=01:55:52 cpu=11.6 mt=0 layout=4 layout%=0 rss=258MB evals60s=0
21:09:33 up=01:56:52 cpu=12.9 mt=2217 layout=3 layout%=0 rss=195MB evals60s=0
21:10:33 up=01:57:52 cpu=11.0 mt=2436 layout=3 layout%=0 rss=195MB evals60s=0
21:11:34 up=01:58:52 cpu=15.5 mt=2459 layout=5 layout%=0 rss=195MB evals60s=0
21:12:34 up=01:59:53 cpu=13.2 mt=2455 layout=1 layout%=0 rss=201MB evals60s=0
21:13:34 up=02:00:53 cpu=14.2 mt=0 layout=7 layout%=0 rss=201MB evals60s=0
21:14:34 up=02:01:53 cpu=11.8 mt=0 layout=5 layout%=0 rss=201MB evals60s=0
21:15:35 up=02:02:54 cpu=14.9 mt=2215 layout=2 layout%=0 rss=201MB evals60s=0
21:16:35 up=02:03:54 cpu=15.9 mt=2214 layout=3 layout%=0 rss=201MB evals60s=0
21:17:35 up=02:04:54 cpu=12.1 mt=2221 layout=2 layout%=0 rss=201MB evals60s=0
21:18:36 up=02:05:55 cpu=14.0 mt=2195 layout=1 layout%=0 rss=201MB evals60s=0
21:19:36 up=02:06:55 cpu=12.6 mt=2218 layout=5 layout%=0 rss=201MB evals60s=0
21:20:36 up=02:07:55 cpu=16.7 mt=2234 layout=5 layout%=0 rss=201MB evals60s=0
21:21:36 up=02:08:55 cpu=12.6 mt=2221 layout=2 layout%=0 rss=201MB evals60s=0
21:22:37 up=02:09:56 cpu=12.6 mt=2232 layout=10 layout%=0 rss=206MB evals60s=0
21:23:37 up=02:10:56 cpu=14.6 mt=2238 layout=9 layout%=0 rss=206MB evals60s=0
21:24:37 up=02:11:56 cpu=8.2 mt=2505 layout=2 layout%=0 rss=201MB evals60s=0
21:25:38 up=02:12:57 cpu=7.2 mt=2505 layout=4 layout%=0 rss=201MB evals60s=0
21:26:38 up=00:56 cpu=7.3 mt=2392 layout=2 layout%=0 rss=131MB evals60s=0
21:27:38 up=01:56 cpu=8.5 mt=2439 layout=1 layout%=0 rss=132MB evals60s=0
21:28:39 up=02:56 cpu=10.8 mt=2450 layout=0 layout%=0 rss=132MB evals60s=0
21:29:39 up=03:57 cpu=6.6 mt=2520 layout=0 layout%=0 rss=132MB evals60s=0
21:30:39 up=04:57 cpu=5.9 mt=2475 layout=1 layout%=0 rss=132MB evals60s=0
21:31:40 up=05:58 cpu=6.3 mt=2447 layout=0 layout%=0 rss=133MB evals60s=0
21:32:40 up=06:58 cpu=7.3 mt=2434 layout=0 layout%=0 rss=133MB evals60s=0
21:33:40 up=07:58 cpu=8.2 mt=2485 layout=1 layout%=0 rss=133MB evals60s=0
21:34:41 up=08:59 cpu=5.7 mt=2521 layout=1 layout%=0 rss=133MB evals60s=0
21:35:41 up=09:59 cpu=5.4 mt=2523 layout=0 layout%=0 rss=133MB evals60s=0
21:36:41 up=10:59 cpu=7.0 mt=2448 layout=1 layout%=0 rss=133MB evals60s=0
21:37:41 up=11:59 cpu=5.2 mt=2516 layout=0 layout%=0 rss=136MB evals60s=0
21:38:42 up=13:00 cpu=5.7 mt=2523 layout=0 layout%=0 rss=136MB evals60s=0
21:39:42 up=14:00 cpu=7.2 mt=2530 layout=2 layout%=0 rss=136MB evals60s=0
21:40:42 up=15:00 cpu=5.5 mt=2524 layout=1 layout%=0 rss=136MB evals60s=0
21:41:43 up=16:01 cpu=5.4 mt=2515 layout=0 layout%=0 rss=136MB evals60s=0
21:42:43 up=17:01 cpu=5.4 mt=2520 layout=1 layout%=0 rss=136MB evals60s=0
21:43:43 up=18:01 cpu=6.2 mt=2521 layout=1 layout%=0 rss=136MB evals60s=0
21:44:43 up=19:01 cpu=5.2 mt=2522 layout=0 layout%=0 rss=136MB evals60s=0
21:45:44 up=20:02 cpu=6.4 mt=2521 layout=0 layout%=0 rss=136MB evals60s=0
21:46:44 up=21:02 cpu=5.4 mt=2521 layout=1 layout%=0 rss=136MB evals60s=0
21:47:44 up=22:02 cpu=5.6 mt=2521 layout=0 layout%=0 rss=136MB evals60s=0
21:48:45 up=23:03 cpu=7.2 mt=2517 layout=0 layout%=0 rss=136MB evals60s=0
21:49:45 up=24:03 cpu=7.3 mt=2521 layout=0 layout%=0 rss=136MB evals60s=0
21:50:45 up=25:03 cpu=5.6 mt=2520 layout=0 layout%=0 rss=136MB evals60s=0
21:51:45 up=26:03 cpu=6.6 mt=2508 layout=0 layout%=0 rss=136MB evals60s=0
21:52:46 up=27:04 cpu=5.7 mt=2518 layout=1 layout%=0 rss=136MB evals60s=0
21:53:46 up=28:04 cpu=7.4 mt=2527 layout=2 layout%=0 rss=136MB evals60s=0
21:54:46 up=29:04 cpu=6.3 mt=2530 layout=1 layout%=0 rss=136MB evals60s=0
21:55:47 up=30:05 cpu=5.6 mt=2502 layout=0 layout%=0 rss=136MB evals60s=0
21:56:47 up=31:05 cpu=5.9 mt=2512 layout=0 layout%=0 rss=136MB evals60s=0
21:57:47 up=32:05 cpu=7.3 mt=2518 layout=4 layout%=0 rss=136MB evals60s=0
21:58:48 up=33:06 cpu=6.4 mt=2520 layout=1 layout%=0 rss=136MB evals60s=0
21:59:48 up=34:06 cpu=4.8 mt=2520 layout=0 layout%=0 rss=136MB evals60s=0
22:00:48 up=35:06 cpu=6.0 mt=2522 layout=1 layout%=0 rss=136MB evals60s=0
22:01:49 up=36:07 cpu=8.0 mt=2508 layout=0 layout%=0 rss=137MB evals60s=0
22:02:49 up=37:07 cpu=5.5 mt=2519 layout=1 layout%=0 rss=137MB evals60s=0
22:03:49 up=38:07 cpu=4.5 mt=2523 layout=1 layout%=0 rss=136MB evals60s=0
22:04:49 up=39:07 cpu=5.6 mt=2518 layout=0 layout%=0 rss=136MB evals60s=0
22:05:50 up=40:08 cpu=6.6 mt=2511 layout=1 layout%=0 rss=137MB evals60s=0
22:06:50 up=41:08 cpu=4.5 mt=2515 layout=3 layout%=0 rss=137MB evals60s=0
22:07:50 up=42:08 cpu=4.8 mt=2290 layout=0 layout%=0 rss=137MB evals60s=0
22:08:51 up=43:09 cpu=5.4 mt=2286 layout=0 layout%=0 rss=137MB evals60s=0
22:09:51 up=44:09 cpu=5.1 mt=2285 layout=0 layout%=0 rss=137MB evals60s=0
22:10:51 up=45:09 cpu=5.2 mt=2283 layout=0 layout%=0 rss=137MB evals60s=0
22:11:51 up=46:09 cpu=5.2 mt=2287 layout=0 layout%=0 rss=137MB evals60s=0
22:12:52 up=47:10 cpu=5.8 mt=2286 layout=0 layout%=0 rss=137MB evals60s=0
22:13:52 up=48:10 cpu=5.8 mt=2281 layout=0 layout%=0 rss=137MB evals60s=0
22:14:52 up=49:10 cpu=7.0 mt=2289 layout=0 layout%=0 rss=137MB evals60s=0
22:15:53 up=50:11 cpu=5.6 mt=2278 layout=0 layout%=0 rss=137MB evals60s=0
22:16:53 up=51:11 cpu=6.0 mt=2284 layout=0 layout%=0 rss=137MB evals60s=0
22:17:53 up=52:11 cpu=3.2 mt=2288 layout=0 layout%=0 rss=137MB evals60s=0
22:18:53 up=53:11 cpu=5.4 mt=2288 layout=0 layout%=0 rss=137MB evals60s=0
22:19:54 up=54:12 cpu=6.2 mt=2283 layout=0 layout%=0 rss=137MB evals60s=0
22:20:54 up=55:12 cpu=5.1 mt=2290 layout=1 layout%=0 rss=137MB evals60s=0
22:21:54 up=56:12 cpu=4.5 mt=2286 layout=0 layout%=0 rss=137MB evals60s=0
22:22:55 up=57:13 cpu=5.6 mt=2517 layout=2 layout%=0 rss=137MB evals60s=0
22:23:55 up=58:13 cpu=5.7 mt=2509 layout=0 layout%=0 rss=137MB evals60s=0
22:24:55 up=59:13 cpu=6.1 mt=2515 layout=0 layout%=0 rss=137MB evals60s=0
22:25:55 up=01:00:13 cpu=5.0 mt=2523 layout=2 layout%=0 rss=137MB evals60s=0
22:26:56 up=01:01:14 cpu=1.1 mt=2581 layout=6 layout%=0 rss=138MB evals60s=0
22:27:56 up=01:02:14 cpu=0.6 mt=2339 layout=6 layout%=0 rss=138MB evals60s=0
22:28:56 up=01:03:14 cpu=0.2 mt=2329 layout=5 layout%=0 rss=138MB evals60s=0
22:29:57 up=01:04:15 cpu=0.2 mt=2342 layout=6 layout%=0 rss=138MB evals60s=0
22:30:57 up=01:05:15 cpu=1.2 mt=2331 layout=5 layout%=0 rss=138MB evals60s=0
22:31:57 up=01:06:15 cpu=0.3 mt=2331 layout=8 layout%=0 rss=138MB evals60s=0
22:32:57 up=01:07:15 cpu=0.3 mt=2329 layout=8 layout%=0 rss=138MB evals60s=0
22:33:58 up=01:08:16 cpu=0.9 mt=2332 layout=5 layout%=0 rss=138MB evals60s=0
22:34:58 up=01:09:16 cpu=0.2 mt=2330 layout=7 layout%=0 rss=138MB evals60s=0
22:35:58 up=01:10:16 cpu=0.2 mt=2333 layout=8 layout%=0 rss=138MB evals60s=0
22:36:59 up=01:11:17 cpu=2.0 mt=2330 layout=6 layout%=0 rss=138MB evals60s=0
22:37:59 up=01:12:17 cpu=0.8 mt=2329 layout=6 layout%=0 rss=138MB evals60s=0
22:38:59 up=01:13:17 cpu=3.4 mt=2525 layout=4 layout%=0 rss=197MB evals60s=0
22:40:00 up=01:14:18 cpu=6.8 mt=2520 layout=1 layout%=0 rss=284MB evals60s=0
22:41:00 up=01:15:18 cpu=5.1 mt=2490 layout=0 layout%=0 rss=223MB evals60s=0
22:42:00 up=01:16:18 cpu=3.9 mt=2519 layout=1 layout%=0 rss=281MB evals60s=0
22:43:01 up=01:17:18 cpu=4.4 mt=2520 layout=0 layout%=0 rss=223MB evals60s=0
22:44:01 up=01:18:19 cpu=4.4 mt=2524 layout=0 layout%=0 rss=224MB evals60s=0
22:45:01 up=01:19:19 cpu=4.4 mt=2519 layout=0 layout%=0 rss=224MB evals60s=0
22:46:01 up=01:20:19 cpu=5.3 mt=2531 layout=5 layout%=0 rss=224MB evals60s=0
22:47:02 up=01:21:20 cpu=5.0 mt=2520 layout=1 layout%=0 rss=224MB evals60s=0
22:48:02 up=01:22:20 cpu=4.4 mt=2518 layout=0 layout%=0 rss=224MB evals60s=0
22:49:02 up=01:23:20 cpu=4.2 mt=2509 layout=2 layout%=0 rss=224MB evals60s=0
22:50:03 up=01:24:21 cpu=4.1 mt=2510 layout=0 layout%=0 rss=224MB evals60s=0
22:51:03 up=01:25:21 cpu=4.2 mt=2508 layout=1 layout%=0 rss=224MB evals60s=0
22:52:03 up=01:26:21 cpu=4.2 mt=2278 layout=1 layout%=0 rss=224MB evals60s=0
22:53:03 up=01:27:21 cpu=4.0 mt=2277 layout=0 layout%=0 rss=224MB evals60s=0
22:54:04 up=01:28:22 cpu=6.1 mt=2433 layout=0 layout%=0 rss=224MB evals60s=0
22:55:04 up=01:29:22 cpu=6.3 mt=2424 layout=1 layout%=0 rss=224MB evals60s=0
22:56:04 up=01:30:22 cpu=4.5 mt=2426 layout=1 layout%=0 rss=224MB evals60s=0
22:57:05 up=01:31:23 cpu=5.1 mt=2430 layout=0 layout%=0 rss=224MB evals60s=0
22:58:05 up=01:32:23 cpu=7.2 mt=2443 layout=1 layout%=0 rss=224MB evals60s=0
22:59:05 up=01:33:23 cpu=4.2 mt=2462 layout=1 layout%=0 rss=224MB evals60s=0
23:00:06 up=01:34:24 cpu=2.4 mt=2609 layout=0 layout%=0 rss=221MB evals60s=0
23:01:06 up=00:31 cpu=7.3 mt=2494 layout=0 layout%=0 rss=193MB evals60s=0
23:02:06 up=01:31 cpu=8.8 mt=2490 layout=8 layout%=0 rss=137MB evals60s=0
23:03:06 up=02:31 cpu=6.4 mt=2524 layout=0 layout%=0 rss=238MB evals60s=0
23:04:07 up=03:32 cpu=7.0 mt=2530 layout=0 layout%=0 rss=181MB evals60s=0
23:05:07 up=04:32 cpu=7.6 mt=2535 layout=0 layout%=0 rss=176MB evals60s=0
23:06:07 up= cpu= mt=1671 layout=0 layout%=0 rss=MB evals60s=0
23:07:07 up=00:59 cpu=10.2 mt=2501 layout=2 layout%=0 rss=133MB evals60s=0
23:08:07 up=01:59 cpu=10.1 mt=2488 layout=1 layout%=0 rss=133MB evals60s=0
23:09:07 up=02:59 cpu=9.9 mt=2431 layout=0 layout%=0 rss=133MB evals60s=0
23:10:08 up=04:00 cpu=8.6 mt=2451 layout=1 layout%=0 rss=132MB evals60s=0
23:11:08 up=05:00 cpu=7.5 mt=2539 layout=0 layout%=0 rss=132MB evals60s=0
23:12:08 up=06:00 cpu=7.1 mt=2527 layout=0 layout%=0 rss=132MB evals60s=0
23:13:09 up=07:01 cpu=11.5 mt=2478 layout=1 layout%=0 rss=132MB evals60s=0
23:14:09 up=08:01 cpu=6.6 mt=2530 layout=0 layout%=0 rss=132MB evals60s=0
23:15:09 up=09:01 cpu=8.4 mt=2513 layout=0 layout%=0 rss=159MB evals60s=0
23:16:10 up=10:02 cpu=8.6 mt=2620 layout=1 layout%=0 rss=155MB evals60s=0
23:17:10 up=11:02 cpu=7.3 mt=2532 layout=0 layout%=0 rss=155MB evals60s=0
23:18:10 up=12:02 cpu=9.6 mt=2533 layout=0 layout%=0 rss=156MB evals60s=0
23:19:11 up=13:03 cpu=7.8 mt=2538 layout=0 layout%=0 rss=155MB evals60s=0
23:20:11 up=14:03 cpu=7.5 mt=2538 layout=1 layout%=0 rss=156MB evals60s=0
23:21:11 up=15:03 cpu=7.3 mt=2538 layout=0 layout%=0 rss=155MB evals60s=0
23:22:11 up=16:03 cpu=10.5 mt=2507 layout=0 layout%=0 rss=156MB evals60s=0
23:23:12 up=17:04 cpu=11.3 mt=2523 layout=1 layout%=0 rss=156MB evals60s=0
23:24:12 up=18:04 cpu=11.9 mt=2305 layout=1 layout%=0 rss=156MB evals60s=0
23:25:12 up=19:04 cpu=11.4 mt=2314 layout=1 layout%=0 rss=156MB evals60s=0
23:26:13 up=20:04 cpu=11.2 mt=2300 layout=0 layout%=0 rss=157MB evals60s=0
23:27:13 up=21:05 cpu=12.0 mt=2301 layout=1 layout%=0 rss=156MB evals60s=0
23:28:13 up=22:05 cpu=12.2 mt=2305 layout=0 layout%=0 rss=157MB evals60s=0
23:29:13 up=23:05 cpu=11.1 mt=2301 layout=1 layout%=0 rss=156MB evals60s=0
23:30:14 up=24:06 cpu=11.9 mt=2293 layout=0 layout%=0 rss=156MB evals60s=0
23:31:14 up=25:06 cpu=11.9 mt=2299 layout=0 layout%=0 rss=157MB evals60s=0
23:32:14 up=26:06 cpu=20.0 mt=0 layout=1 layout%=0 rss=157MB evals60s=0
23:33:15 up=27:07 cpu=11.3 mt=2514 layout=5 layout%=0 rss=156MB evals60s=0
23:34:15 up=28:07 cpu=12.3 mt=2511 layout=3 layout%=0 rss=156MB evals60s=0
23:35:15 up=29:07 cpu=12.2 mt=2504 layout=3 layout%=0 rss=157MB evals60s=0
23:36:15 up=30:07 cpu=11.4 mt=2521 layout=4 layout%=0 rss=156MB evals60s=0
23:37:16 up=31:08 cpu=11.6 mt=2515 layout=4 layout%=0 rss=156MB evals60s=0
23:38:16 up=32:08 cpu=11.0 mt=2500 layout=7 layout%=0 rss=156MB evals60s=0
23:39:16 up=33:08 cpu=1.2 mt=2609 layout=1 layout%=0 rss=156MB evals60s=0
23:40:17 up=34:09 cpu=9.7 mt=2468 layout=2 layout%=0 rss=181MB evals60s=0
23:41:17 up=35:09 cpu=9.3 mt=2546 layout=0 layout%=0 rss=177MB evals60s=0
23:42:17 up=36:09 cpu=12.1 mt=0 layout=2 layout%=0 rss=177MB evals60s=0
23:43:18 up=37:10 cpu=9.1 mt=2524 layout=3 layout%=0 rss=177MB evals60s=0
23:44:18 up=38:10 cpu=8.9 mt=2515 layout=4 layout%=0 rss=178MB evals60s=0
23:45:18 up=39:10 cpu=8.7 mt=2517 layout=2 layout%=0 rss=178MB evals60s=0
23:46:19 up=40:11 cpu=8.4 mt=2546 layout=2 layout%=0 rss=178MB evals60s=0
23:47:19 up=41:11 cpu=8.4 mt=2448 layout=17 layout%=0 rss=236MB evals60s=0
23:48:19 up=42:11 cpu=24.8 mt=2456 layout=2 layout%=0 rss=178MB evals60s=0
23:49:20 up=43:12 cpu=9.7 mt=2554 layout=7 layout%=0 rss=178MB evals60s=0
23:50:20 up=44:12 cpu=9.9 mt=2512 layout=5 layout%=0 rss=178MB evals60s=0
23:51:20 up=45:12 cpu=8.9 mt=2519 layout=4 layout%=0 rss=178MB evals60s=0
23:52:21 up=46:13 cpu=10.1 mt=2456 layout=22 layout%=0 rss=178MB evals60s=0
23:53:21 up=47:13 cpu=9.8 mt=2644 layout=1 layout%=0 rss=178MB evals60s=0
23:54:21 up=48:13 cpu=9.7 mt=2513 layout=0 layout%=0 rss=178MB evals60s=0
23:55:21 up=49:13 cpu=9.6 mt=2510 layout=1 layout%=0 rss=178MB evals60s=0
23:56:22 up=50:14 cpu=10.7 mt=2521 layout=0 layout%=0 rss=178MB evals60s=0
23:57:22 up=51:14 cpu=10.3 mt=2520 layout=0 layout%=0 rss=178MB evals60s=0
23:58:22 up=52:14 cpu=10.2 mt=2313 layout=0 layout%=0 rss=178MB evals60s=0
23:59:23 up=53:15 cpu=9.6 mt=2309 layout=0 layout%=0 rss=178MB evals60s=0
00:00:23 up=54:15 cpu=8.7 mt=2303 layout=0 layout%=0 rss=178MB evals60s=0
00:01:23 up=55:15 cpu=9.9 mt=2303 layout=0 layout%=0 rss=178MB evals60s=0
00:02:23 up=56:15 cpu=9.8 mt=2302 layout=0 layout%=0 rss=178MB evals60s=0
00:03:24 up=57:16 cpu=17.2 mt=2301 layout=0 layout%=0 rss=178MB evals60s=0
00:04:24 up=58:16 cpu=16.8 mt=2283 layout=0 layout%=0 rss=178MB evals60s=0
00:05:24 up=59:16 cpu=16.8 mt=2300 layout=0 layout%=0 rss=178MB evals60s=0
00:06:25 up=01:00:17 cpu=15.9 mt=2295 layout=1 layout%=0 rss=178MB evals60s=0
00:07:25 up=01:01:17 cpu=15.8 mt=2298 layout=0 layout%=0 rss=178MB evals60s=0
00:08:25 up=01:02:17 cpu=17.4 mt=2487 layout=1 layout%=0 rss=179MB evals60s=0
00:09:26 up=01:03:18 cpu=17.6 mt=2511 layout=0 layout%=0 rss=179MB evals60s=0
00:10:26 up=01:04:18 cpu=18.6 mt=2486 layout=0 layout%=0 rss=179MB evals60s=0
00:11:26 up=01:05:18 cpu=16.8 mt=2480 layout=0 layout%=0 rss=178MB evals60s=0
00:12:26 up=01:06:18 cpu=19.1 mt=2497 layout=1 layout%=0 rss=178MB evals60s=0
00:13:27 up=01:07:19 cpu=17.0 mt=2304 layout=0 layout%=0 rss=178MB evals60s=0
00:14:27 up=01:08:19 cpu=16.6 mt=2293 layout=1 layout%=0 rss=179MB evals60s=0
00:15:27 up=01:09:19 cpu=17.8 mt=2289 layout=0 layout%=0 rss=179MB evals60s=0
00:16:28 up=01:10:20 cpu=19.2 mt=2304 layout=0 layout%=0 rss=178MB evals60s=0
00:17:28 up=01:11:20 cpu=16.4 mt=2299 layout=0 layout%=0 rss=179MB evals60s=0
00:18:28 up=01:12:20 cpu=16.7 mt=2490 layout=0 layout%=0 rss=179MB evals60s=0
00:19:28 up=01:13:20 cpu=18.6 mt=2499 layout=2 layout%=0 rss=179MB evals60s=0
00:20:29 up=01:14:21 cpu=17.3 mt=2480 layout=1 layout%=0 rss=179MB evals60s=0
00:21:29 up=01:15:21 cpu=16.7 mt=2496 layout=1 layout%=0 rss=179MB evals60s=0
00:22:29 up=01:16:21 cpu=18.0 mt=2499 layout=1 layout%=0 rss=179MB evals60s=0
00:23:30 up=01:17:22 cpu=17.4 mt=2294 layout=0 layout%=0 rss=179MB evals60s=0
00:24:30 up=01:18:22 cpu=16.9 mt=2291 layout=1 layout%=0 rss=179MB evals60s=0
00:25:30 up=01:19:22 cpu=16.1 mt=2286 layout=0 layout%=0 rss=179MB evals60s=0
00:26:30 up=01:20:22 cpu=19.4 mt=2291 layout=1 layout%=0 rss=179MB evals60s=0
00:27:31 up=01:21:23 cpu=16.8 mt=2289 layout=1 layout%=0 rss=179MB evals60s=0
00:28:31 up=01:22:23 cpu=17.0 mt=2296 layout=0 layout%=0 rss=179MB evals60s=0
00:29:31 up=01:23:23 cpu=18.3 mt=2284 layout=1 layout%=0 rss=179MB evals60s=0
00:30:32 up=01:24:24 cpu=19.6 mt=2288 layout=0 layout%=0 rss=179MB evals60s=0
00:31:32 up=01:25:24 cpu=19.2 mt=2296 layout=0 layout%=0 rss=179MB evals60s=0
00:32:32 up=01:26:24 cpu=17.7 mt=2293 layout=0 layout%=0 rss=179MB evals60s=0
00:33:32 up=01:27:24 cpu=18.6 mt=2296 layout=0 layout%=0 rss=179MB evals60s=0
00:34:33 up=01:28:25 cpu=18.6 mt=2291 layout=0 layout%=0 rss=179MB evals60s=0
00:35:33 up=01:29:25 cpu=18.4 mt=2293 layout=0 layout%=0 rss=179MB evals60s=0
00:36:33 up=01:30:25 cpu=17.1 mt=2290 layout=1 layout%=0 rss=179MB evals60s=0
00:37:34 up=01:31:26 cpu=18.0 mt=2292 layout=1 layout%=0 rss=179MB evals60s=0
00:38:34 up=01:32:26 cpu=16.5 mt=2288 layout=0 layout%=0 rss=179MB evals60s=0
00:39:34 up=01:33:26 cpu=18.9 mt=2279 layout=0 layout%=0 rss=179MB evals60s=0
00:40:34 up=01:34:26 cpu=16.9 mt=2295 layout=1 layout%=0 rss=179MB evals60s=0
00:41:35 up=01:35:27 cpu=18.8 mt=2287 layout=0 layout%=0 rss=179MB evals60s=0
00:42:35 up=01:36:27 cpu=16.1 mt=2298 layout=1 layout%=0 rss=179MB evals60s=0
00:43:35 up=01:37:27 cpu=17.5 mt=2293 layout=0 layout%=0 rss=179MB evals60s=0
00:44:36 up=01:38:28 cpu=17.2 mt=2302 layout=0 layout%=0 rss=179MB evals60s=0
00:45:36 up=01:39:28 cpu=17.8 mt=2292 layout=0 layout%=0 rss=179MB evals60s=0
00:46:36 up=01:40:28 cpu=17.9 mt=2291 layout=1 layout%=0 rss=179MB evals60s=0
00:47:36 up=01:41:28 cpu=17.8 mt=2291 layout=0 layout%=0 rss=180MB evals60s=0
00:48:37 up=01:42:29 cpu=18.3 mt=2290 layout=0 layout%=0 rss=179MB evals60s=0
00:49:37 up=01:43:29 cpu=16.7 mt=2290 layout=0 layout%=0 rss=179MB evals60s=0
00:50:37 up=01:44:29 cpu=18.3 mt=2291 layout=0 layout%=0 rss=179MB evals60s=0
00:51:38 up=01:45:30 cpu=18.6 mt=2284 layout=0 layout%=0 rss=179MB evals60s=0
00:52:38 up=01:46:30 cpu=17.4 mt=2299 layout=0 layout%=0 rss=179MB evals60s=0
00:53:38 up=01:47:30 cpu=17.6 mt=2302 layout=0 layout%=0 rss=180MB evals60s=0
00:54:38 up=01:48:30 cpu=16.6 mt=2315 layout=0 layout%=0 rss=179MB evals60s=0
00:55:39 up=01:49:31 cpu=14.6 mt=2474 layout=0 layout%=0 rss=180MB evals60s=0
00:56:39 up=01:50:31 cpu=7.7 mt=2510 layout=2 layout%=0 rss=179MB evals60s=0
00:57:39 up=01:51:31 cpu=9.1 mt=2502 layout=1 layout%=0 rss=179MB evals60s=0
00:58:40 up=01:52:32 cpu=8.3 mt=2516 layout=3 layout%=0 rss=179MB evals60s=0
00:59:40 up=01:53:32 cpu=8.7 mt=2514 layout=1 layout%=0 rss=179MB evals60s=0
01:00:40 up=01:54:32 cpu=9.2 mt=2530 layout=0 layout%=0 rss=179MB evals60s=0
01:01:41 up=01:55:33 cpu=8.1 mt=2521 layout=0 layout%=0 rss=179MB evals60s=0
01:02:41 up=01:56:33 cpu=9.6 mt=2486 layout=2 layout%=0 rss=179MB evals60s=0
01:03:41 up=01:57:33 cpu=9.8 mt=2535 layout=3 layout%=0 rss=179MB evals60s=0
01:04:41 up=01:58:33 cpu=9.3 mt=2504 layout=1 layout%=0 rss=179MB evals60s=0
01:05:42 up=01:59:34 cpu=8.3 mt=2510 layout=4 layout%=0 rss=235MB evals60s=0
01:06:42 up=02:00:34 cpu=1.5 mt=2515 layout=10 layout%=0 rss=229MB evals60s=0
01:07:42 up=02:01:34 cpu=5.1 mt=2534 layout=9 layout%=0 rss=230MB evals60s=0
01:08:43 up=02:02:35 cpu=1.3 mt=2537 layout=7 layout%=0 rss=229MB evals60s=0
01:09:40 no-process
01:10:40 no-process
01:11:40 no-process
01:12:40 no-process
01:13:40 no-process
01:14:40 no-process
01:15:40 no-process
01:16:40 no-process
01:17:40 no-process
01:18:40 no-process
01:19:40 no-process
01:20:40 no-process
01:21:40 no-process
01:22:40 no-process
01:23:40 no-process
01:24:40 no-process
01:25:40 no-process
01:26:40 no-process
01:27:40 no-process
01:28:40 no-process
01:29:40 no-process
01:30:40 no-process
01:31:40 no-process
01:32:41 no-process
01:33:41 no-process
01:34:41 no-process
01:35:41 no-process
01:36:41 no-process
01:37:41 no-process
01:38:41 no-process
01:39:41 no-process
01:40:41 no-process
01:41:41 no-process
01:42:41 no-process
01:43:41 no-process
01:44:41 no-process
01:45:41 no-process
01:46:41 no-process
01:47:41 no-process
01:48:41 no-process
01:49:41 no-process
01:50:41 no-process
01:51:41 no-process
01:52:41 no-process
01:53:41 no-process
01:54:41 no-process
01:55:41 no-process
01:56:42 no-process
01:57:42 no-process
01:58:42 no-process
01:59:42 no-process
02:00:42 no-process
02:01:42 no-process
02:02:45 up=00:24 cpu=8.9 mt=0 layout=1 layout%=0 rss=175MB evals60s=0
02:03:45 up=01:24 cpu=6.4 mt=2458 layout=0 layout%=0 rss=125MB evals60s=0
02:04:46 up=02:25 cpu=0.0 mt=2595 layout=0 layout%=0 rss=125MB evals60s=0
02:05:46 up=03:25 cpu=0.0 mt=2597 layout=0 layout%=0 rss=125MB evals60s=0
02:06:46 up=04:25 cpu=0.0 mt=2596 layout=0 layout%=0 rss=125MB evals60s=0
02:07:47 up=05:26 cpu=7.4 mt=2440 layout=1 layout%=0 rss=151MB evals60s=0
02:08:47 up=06:26 cpu=6.5 mt=2468 layout=0 layout%=0 rss=151MB evals60s=0
02:09:47 up=07:26 cpu=7.5 mt=2447 layout=0 layout%=0 rss=151MB evals60s=0
02:10:48 up=08:27 cpu=7.6 mt=2443 layout=0 layout%=0 rss=151MB evals60s=0
02:11:48 up=09:27 cpu=8.1 mt=2456 layout=0 layout%=0 rss=151MB evals60s=0
02:12:48 up=10:27 cpu=7.7 mt=2458 layout=1 layout%=0 rss=151MB evals60s=0
02:13:49 up=11:28 cpu=7.5 mt=2452 layout=0 layout%=0 rss=151MB evals60s=0
02:14:49 up=12:28 cpu=7.0 mt=2414 layout=0 layout%=0 rss=152MB evals60s=0
02:15:49 up=13:28 cpu=8.0 mt=2462 layout=1 layout%=0 rss=151MB evals60s=0
02:16:49 up=14:28 cpu=6.4 mt=2478 layout=0 layout%=0 rss=151MB evals60s=0
02:17:50 up=15:29 cpu=7.1 mt=2459 layout=0 layout%=0 rss=152MB evals60s=0
02:18:50 up=16:29 cpu=6.0 mt=2459 layout=0 layout%=0 rss=152MB evals60s=0
02:19:50 up=17:29 cpu=5.9 mt=2462 layout=0 layout%=0 rss=152MB evals60s=0
02:20:51 up=18:30 cpu=6.9 mt=2463 layout=1 layout%=0 rss=152MB evals60s=0
02:21:51 up=19:30 cpu=6.6 mt=2497 layout=1 layout%=0 rss=153MB evals60s=0
02:22:51 up=20:30 cpu=1.2 mt=2519 layout=11 layout%=0 rss=153MB evals60s=0
02:23:52 up=21:31 cpu=0.0 mt=2586 layout=0 layout%=0 rss=203MB evals60s=0
02:24:52 up=22:31 cpu=7.5 mt=2453 layout=0 layout%=0 rss=152MB evals60s=0
02:25:52 up=23:31 cpu=7.3 mt=2466 layout=1 layout%=0 rss=152MB evals60s=0
02:26:52 up=24:31 cpu=8.9 mt=2484 layout=0 layout%=0 rss=154MB evals60s=0
02:27:53 up=25:32 cpu=2.3 mt=2524 layout=9 layout%=0 rss=154MB evals60s=0
02:28:53 up=26:32 cpu=0.9 mt=2505 layout=12 layout%=0 rss=154MB evals60s=0
02:29:53 up=27:32 cpu=11.1 mt=2452 layout=0 layout%=0 rss=162MB evals60s=0
02:30:54 up=28:33 cpu=11.0 mt=2451 layout=1 layout%=0 rss=162MB evals60s=0
02:31:54 up=29:33 cpu=9.3 mt=2480 layout=1 layout%=0 rss=162MB evals60s=0
02:32:54 up=30:33 cpu=9.5 mt=2535 layout=2 layout%=0 rss=162MB evals60s=0
02:33:55 up=31:34 cpu=9.6 mt=2496 layout=0 layout%=0 rss=162MB evals60s=0
02:34:55 up=32:34 cpu=10.8 mt=2486 layout=0 layout%=0 rss=162MB evals60s=0
02:35:55 up=33:34 cpu=10.2 mt=2489 layout=0 layout%=0 rss=162MB evals60s=0
02:36:55 up=34:34 cpu=8.7 mt=2488 layout=1 layout%=0 rss=162MB evals60s=0
02:37:56 up=35:35 cpu=9.0 mt=2488 layout=0 layout%=0 rss=162MB evals60s=0
02:38:56 up=36:35 cpu=9.0 mt=2493 layout=0 layout%=0 rss=162MB evals60s=0
02:39:56 up=37:35 cpu=0.8 mt=2527 layout=8 layout%=0 rss=162MB evals60s=0
02:40:57 up=38:36 cpu=0.5 mt=2514 layout=11 layout%=0 rss=162MB evals60s=0
02:41:57 up=39:36 cpu=0.2 mt=2518 layout=9 layout%=0 rss=161MB evals60s=0
02:42:57 up=40:36 cpu=1.1 mt=2511 layout=11 layout%=0 rss=161MB evals60s=0
02:43:57 up=41:36 cpu=0.6 mt=2507 layout=11 layout%=0 rss=161MB evals60s=0
02:44:58 up=42:37 cpu=0.2 mt=2516 layout=11 layout%=0 rss=161MB evals60s=0
02:45:58 up=43:37 cpu=1.2 mt=2285 layout=8 layout%=0 rss=162MB evals60s=0
02:46:58 up=44:37 cpu=0.8 mt=2282 layout=8 layout%=0 rss=162MB evals60s=0
02:47:59 up=45:38 cpu=0.5 mt=2285 layout=9 layout%=0 rss=162MB evals60s=0
02:48:59 up=46:38 cpu=1.6 mt=2285 layout=9 layout%=0 rss=162MB evals60s=0
02:49:59 up=47:38 cpu=0.9 mt=2279 layout=8 layout%=0 rss=162MB evals60s=0
02:51:00 up=48:38 cpu=0.7 mt=2282 layout=10 layout%=0 rss=162MB evals60s=0
02:52:00 up=49:39 cpu=0.4 mt=2288 layout=9 layout%=0 rss=162MB evals60s=0
02:53:00 up=50:39 cpu=1.1 mt=2280 layout=8 layout%=0 rss=162MB evals60s=0
02:54:00 up=51:39 cpu=0.4 mt=2291 layout=8 layout%=0 rss=162MB evals60s=0
02:55:01 up=52:40 cpu=0.3 mt=2287 layout=10 layout%=0 rss=162MB evals60s=0
02:56:01 up=53:40 cpu=1.6 mt=2294 layout=9 layout%=0 rss=162MB evals60s=0
02:57:01 up=54:40 cpu=0.8 mt=2299 layout=9 layout%=0 rss=162MB evals60s=0
02:58:02 up=55:41 cpu=0.4 mt=2293 layout=1 layout%=0 rss=162MB evals60s=0
02:59:02 up=56:41 cpu=0.3 mt=2302 layout=8 layout%=0 rss=162MB evals60s=0
03:00:02 up=57:41 cpu=1.3 mt=2304 layout=9 layout%=0 rss=162MB evals60s=0
03:01:02 up=58:41 cpu=0.6 mt=2305 layout=8 layout%=0 rss=162MB evals60s=0
03:02:03 up=59:42 cpu=0.6 mt=2300 layout=7 layout%=0 rss=162MB evals60s=0
03:03:03 up=01:00:42 cpu=1.6 mt=2293 layout=9 layout%=0 rss=162MB evals60s=0
03:04:03 up=01:01:42 cpu=1.0 mt=2290 layout=9 layout%=0 rss=162MB evals60s=0
03:05:04 up=01:02:43 cpu=0.6 mt=2284 layout=10 layout%=0 rss=162MB evals60s=0
03:06:04 up=01:03:43 cpu=3.0 mt=2292 layout=9 layout%=0 rss=162MB evals60s=0
03:07:04 up=01:04:43 cpu=1.0 mt=2285 layout=10 layout%=0 rss=163MB evals60s=0
03:08:05 up=01:05:43 cpu=0.8 mt=2286 layout=9 layout%=0 rss=163MB evals60s=0
03:09:05 up=01:06:44 cpu=2.9 mt=2283 layout=10 layout%=0 rss=163MB evals60s=0
03:10:05 up=01:07:44 cpu=1.5 mt=2284 layout=9 layout%=0 rss=163MB evals60s=0
03:11:05 up=01:08:44 cpu=0.6 mt=2279 layout=9 layout%=0 rss=163MB evals60s=0
03:12:06 up=01:09:45 cpu=0.3 mt=2284 layout=8 layout%=0 rss=163MB evals60s=0
03:13:06 up=01:10:45 cpu=2.3 mt=2280 layout=12 layout%=0 rss=163MB evals60s=0
03:14:06 up=01:11:45 cpu=1.2 mt=2281 layout=10 layout%=0 rss=163MB evals60s=0
03:15:07 up=01:12:46 cpu=0.6 mt=2286 layout=9 layout%=0 rss=163MB evals60s=0
03:16:07 up=01:13:46 cpu=2.2 mt=2284 layout=11 layout%=0 rss=163MB evals60s=0
03:17:07 up=01:14:46 cpu=1.2 mt=2282 layout=10 layout%=0 rss=163MB evals60s=0
03:18:08 up=01:15:47 cpu=0.7 mt=2284 layout=9 layout%=0 rss=163MB evals60s=0
03:19:08 up=01:16:47 cpu=3.0 mt=2291 layout=10 layout%=0 rss=163MB evals60s=0
03:20:08 up=01:17:47 cpu=1.4 mt=2281 layout=10 layout%=0 rss=164MB evals60s=0
03:21:08 up=01:18:47 cpu=0.5 mt=2284 layout=9 layout%=0 rss=164MB evals60s=0
03:22:09 up=01:19:48 cpu=0.2 mt=2288 layout=9 layout%=0 rss=164MB evals60s=0
03:23:09 up=01:20:48 cpu=1.6 mt=2276 layout=12 layout%=0 rss=159MB evals60s=0
03:24:09 up=01:21:48 cpu=0.5 mt=2343 layout=7 layout%=0 rss=160MB evals60s=0
03:25:10 up=01:22:49 cpu=0.3 mt=2327 layout=7 layout%=0 rss=160MB evals60s=0
03:41:51 up=01:39:30 cpu=0.0 mt=2376 layout=0 layout%=0 rss=160MB evals60s=0
03:42:51 up=01:40:30 cpu=0.6 mt=2330 layout=146 layout%=6 rss=210MB evals60s=0
03:43:52 up=01:41:31 cpu=1.4 mt=2345 layout=4 layout%=0 rss=210MB evals60s=0
03:44:53 up=01:42:32 cpu=0.2 mt=2338 layout=7 layout%=0 rss=210MB evals60s=0
03:45:55 up=01:43:34 cpu=4.8 mt=2143 layout=15 layout%=0 rss=210MB evals60s=0
03:56:23 up=01:54:02 cpu=0.8 mt=2316 layout=12 layout%=0 rss=160MB evals60s=0
03:57:23 up=01:55:02 cpu=0.2 mt=2295 layout=17 layout%=0 rss=210MB evals60s=0
03:58:23 up=01:56:02 cpu=0.8 mt=2331 layout=404 layout%=17 rss=210MB evals60s=0
03:59:24 up=01:57:03 cpu=0.3 mt=2318 layout=30 layout%=1 rss=210MB evals60s=0
04:00:31 up=01:58:10 cpu=1.6 mt=2326 layout=6 layout%=0 rss=210MB evals60s=0
04:01:31 up=01:59:10 cpu=0.4 mt=2337 layout=7 layout%=0 rss=210MB evals60s=0
04:02:32 up=02:00:11 cpu=0.5 mt=2293 layout=43 layout%=1 rss=210MB evals60s=0
04:03:32 up=02:01:11 cpu=2.6 mt=2278 layout=21 layout%=0 rss=210MB evals60s=0
04:04:32 up=02:02:11 cpu=0.6 mt=2331 layout=6 layout%=0 rss=210MB evals60s=0
04:05:32 up=02:03:11 cpu=0.4 mt=2283 layout=10 layout%=0 rss=210MB evals60s=0
04:06:33 up=02:04:12 cpu=1.6 mt=2289 layout=12 layout%=0 rss=210MB evals60s=0
04:07:33 up=02:05:12 cpu=0.9 mt=2313 layout=7 layout%=0 rss=210MB evals60s=0
04:08:33 up=02:06:12 cpu=0.2 mt=2298 layout=6 layout%=0 rss=210MB evals60s=0
04:09:34 up=02:07:13 cpu=0.8 mt=2349 layout=4 layout%=0 rss=210MB evals60s=0
04:10:34 up=02:08:13 cpu=0.4 mt=2334 layout=3 layout%=0 rss=210MB evals60s=0
04:11:34 up=02:09:13 cpu=0.4 mt=2351 layout=5 layout%=0 rss=210MB evals60s=0
04:12:36 up=02:10:15 cpu=1.5 mt=2140 layout=20 layout%=0 rss=210MB evals60s=0
04:13:37 up=02:11:16 cpu=2.7 mt=2144 layout=1 layout%=0 rss=210MB evals60s=0
04:14:37 up=02:12:16 cpu=0.3 mt=2345 layout=5 layout%=0 rss=210MB evals60s=0
04:15:38 up=02:13:17 cpu=1.1 mt=2351 layout=3 layout%=0 rss=210MB evals60s=0
04:16:39 up=02:14:18 cpu=2.7 mt=2140 layout=16 layout%=0 rss=160MB evals60s=0
04:17:39 up=02:15:18 cpu=0.1 mt=2346 layout=3 layout%=0 rss=160MB evals60s=0
04:18:40 up=02:16:19 cpu=1.4 mt=2336 layout=4 layout%=0 rss=160MB evals60s=0
04:19:40 up=02:17:19 cpu=0.2 mt=2346 layout=4 layout%=0 rss=160MB evals60s=0
04:20:42 up=02:18:20 cpu=1.2 mt=2173 layout=21 layout%=0 rss=160MB evals60s=0
04:21:42 up=02:19:21 cpu=1.3 mt=2348 layout=4 layout%=0 rss=160MB evals60s=0
04:22:42 up=02:20:21 cpu=0.3 mt=2342 layout=5 layout%=0 rss=160MB evals60s=0
04:23:44 up=02:21:22 cpu=1.1 mt=2191 layout=20 layout%=0 rss=160MB evals60s=0
04:24:44 up=02:22:23 cpu=1.1 mt=2344 layout=4 layout%=0 rss=160MB evals60s=0
04:25:44 up=02:23:23 cpu=0.3 mt=2319 layout=5 layout%=0 rss=160MB evals60s=0
04:26:45 up=02:24:24 cpu=1.4 mt=2317 layout=6 layout%=0 rss=160MB evals60s=0
04:27:46 up=02:25:24 cpu=0.3 mt=2323 layout=6 layout%=0 rss=160MB evals60s=0
04:28:46 up=02:26:25 cpu=1.8 mt=2316 layout=5 layout%=0 rss=160MB evals60s=0
04:29:46 up=02:27:25 cpu=0.7 mt=2325 layout=6 layout%=0 rss=160MB evals60s=0
04:30:46 up=02:28:25 cpu=0.2 mt=2324 layout=7 layout%=0 rss=160MB evals60s=0
04:31:47 up=02:29:26 cpu=0.3 mt=2314 layout=4 layout%=0 rss=160MB evals60s=0
04:32:47 up=02:30:26 cpu=0.8 mt=2316 layout=6 layout%=0 rss=160MB evals60s=0
04:33:47 up=02:31:26 cpu=0.6 mt=2331 layout=8 layout%=0 rss=160MB evals60s=0
04:34:48 up=02:32:27 cpu=0.2 mt=2310 layout=7 layout%=0 rss=160MB evals60s=0
04:35:48 up=02:33:27 cpu=2.0 mt=2307 layout=7 layout%=0 rss=160MB evals60s=0
04:36:48 up=02:34:27 cpu=0.7 mt=2302 layout=7 layout%=0 rss=160MB evals60s=0
04:37:49 up=02:35:28 cpu=0.2 mt=2348 layout=4 layout%=0 rss=160MB evals60s=0
04:38:49 up=02:36:28 cpu=1.3 mt=2359 layout=3 layout%=0 rss=160MB evals60s=0
04:39:50 up=02:37:29 cpu=1.1 mt=2140 layout=18 layout%=0 rss=160MB evals60s=0
04:40:52 up=02:38:31 cpu=0.6 mt=2156 layout=30 layout%=1 rss=160MB evals60s=0
04:41:53 up=02:39:32 cpu=1.6 mt=2161 layout=21 layout%=0 rss=160MB evals60s=0
04:42:55 up=02:40:34 cpu=0.7 mt=2153 layout=21 layout%=0 rss=160MB evals60s=0
04:43:55 up=02:41:34 cpu=0.6 mt=2354 layout=3 layout%=0 rss=160MB evals60s=0
04:44:56 up=02:42:34 cpu=0.1 mt=2360 layout=3 layout%=0 rss=160MB evals60s=0
04:45:57 up=02:43:36 cpu=3.7 mt=2143 layout=20 layout%=0 rss=160MB evals60s=0
04:46:58 up=02:44:37 cpu=0.9 mt=2155 layout=22 layout%=1 rss=160MB evals60s=0
04:47:59 up=02:45:38 cpu=0.5 mt=2307 layout=7 layout%=0 rss=160MB evals60s=0
04:49:00 up=02:46:39 cpu=1.9 mt=2098 layout=27 layout%=1 rss=160MB evals60s=0
04:50:02 up=02:47:41 cpu=2.3 mt=2154 layout=18 layout%=0 rss=160MB evals60s=0
04:51:03 up=02:48:42 cpu=1.4 mt=2261 layout=1 layout%=0 rss=160MB evals60s=0
04:52:04 up=02:49:43 cpu=0.2 mt=2312 layout=7 layout%=0 rss=160MB evals60s=0
04:53:04 up=02:50:43 cpu=0.6 mt=2298 layout=7 layout%=0 rss=160MB evals60s=0
04:54:05 up=02:51:44 cpu=1.3 mt=2306 layout=7 layout%=0 rss=160MB evals60s=0
04:55:06 up=02:52:45 cpu=0.4 mt=2303 layout=7 layout%=0 rss=160MB evals60s=0
04:56:06 up=02:53:45 cpu=0.6 mt=2307 layout=5 layout%=0 rss=160MB evals60s=0
04:57:07 up=02:54:46 cpu=2.2 mt=2306 layout=7 layout%=0 rss=160MB evals60s=0
04:58:07 up=02:55:46 cpu=0.3 mt=2349 layout=6 layout%=0 rss=160MB evals60s=0
04:59:08 up=02:56:47 cpu=1.7 mt=2341 layout=6 layout%=0 rss=160MB evals60s=0
05:00:08 up=02:57:47 cpu=0.3 mt=2334 layout=6 layout%=0 rss=160MB evals60s=0
05:01:09 up=02:58:48 cpu=1.3 mt=2312 layout=1 layout%=0 rss=160MB evals60s=0
05:02:09 up=02:59:48 cpu=0.2 mt=2337 layout=5 layout%=0 rss=160MB evals60s=0
05:03:10 up=03:00:49 cpu=1.1 mt=2339 layout=3 layout%=0 rss=160MB evals60s=0
05:04:11 up=03:01:50 cpu=0.1 mt=2333 layout=6 layout%=0 rss=160MB evals60s=0
05:05:11 up=03:02:50 cpu=1.0 mt=2323 layout=22 layout%=0 rss=160MB evals60s=0
05:06:12 up=03:03:51 cpu=1.5 mt=2302 layout=6 layout%=0 rss=160MB evals60s=0
05:07:12 up=03:04:51 cpu=0.4 mt=2300 layout=5 layout%=0 rss=160MB evals60s=0
05:08:13 up=03:05:52 cpu=0.9 mt=2311 layout=1 layout%=0 rss=160MB evals60s=0
05:09:14 up=03:06:53 cpu=0.2 mt=2301 layout=5 layout%=0 rss=160MB evals60s=0
05:10:14 up=03:07:53 cpu=0.6 mt=2311 layout=5 layout%=0 rss=160MB evals60s=0
05:11:15 up=03:08:54 cpu=2.3 mt=2311 layout=4 layout%=0 rss=160MB evals60s=0
05:12:15 up=03:09:54 cpu=0.2 mt=2302 layout=5 layout%=0 rss=160MB evals60s=0
05:13:16 up=03:10:55 cpu=0.8 mt=2314 layout=5 layout%=0 rss=160MB evals60s=0
05:14:17 up=03:11:56 cpu=0.4 mt=2311 layout=6 layout%=0 rss=160MB evals60s=0
05:15:17 up=03:12:56 cpu=0.4 mt=2306 layout=3 layout%=0 rss=160MB evals60s=0
05:16:18 up=03:13:57 cpu=1.8 mt=2301 layout=7 layout%=0 rss=160MB evals60s=0
05:17:19 up=03:14:58 cpu=0.2 mt=2302 layout=6 layout%=0 rss=160MB evals60s=0
05:18:19 up=03:15:58 cpu=0.8 mt=2304 layout=6 layout%=0 rss=160MB evals60s=0
05:19:20 up=03:16:59 cpu=2.0 mt=2303 layout=5 layout%=0 rss=160MB evals60s=0
05:20:20 up=03:17:59 cpu=0.3 mt=2315 layout=7 layout%=0 rss=160MB evals60s=0
05:21:21 up=03:19:00 cpu=1.1 mt=2330 layout=5 layout%=0 rss=160MB evals60s=0
05:22:22 up=03:20:01 cpu=2.0 mt=2312 layout=6 layout%=0 rss=160MB evals60s=0
05:23:22 up=03:21:01 cpu=0.3 mt=2308 layout=8 layout%=0 rss=160MB evals60s=0
05:24:23 up=03:22:02 cpu=1.0 mt=2305 layout=6 layout%=0 rss=160MB evals60s=0
05:25:24 up=03:23:03 cpu=0.1 mt=2291 layout=7 layout%=0 rss=160MB evals60s=0
05:26:24 up=03:24:03 cpu=0.5 mt=2304 layout=6 layout%=0 rss=160MB evals60s=0
05:27:25 up=03:25:04 cpu=0.5 mt=2310 layout=5 layout%=0 rss=160MB evals60s=0
05:28:26 up=03:26:05 cpu=1.2 mt=2295 layout=6 layout%=0 rss=160MB evals60s=0
05:29:27 up=03:27:06 cpu=0.2 mt=2354 layout=6 layout%=0 rss=160MB evals60s=0
05:30:27 up=03:28:06 cpu=0.5 mt=2313 layout=5 layout%=0 rss=160MB evals60s=0
05:31:28 up=03:29:07 cpu=1.0 mt=2311 layout=9 layout%=0 rss=160MB evals60s=0
05:32:29 up=03:30:08 cpu=0.2 mt=2347 layout=6 layout%=0 rss=160MB evals60s=0
05:33:29 up=03:31:08 cpu=0.3 mt=2319 layout=6 layout%=0 rss=160MB evals60s=0
05:34:30 up=03:32:09 cpu=1.9 mt=2435 layout=6 layout%=0 rss=160MB evals60s=0
05:35:31 up=03:33:10 cpu=0.1 mt=2308 layout=6 layout%=0 rss=160MB evals60s=0
05:36:31 up=03:34:10 cpu=0.6 mt=2308 layout=4 layout%=0 rss=160MB evals60s=0
05:37:32 up=03:35:11 cpu=0.5 mt=2332 layout=7 layout%=0 rss=160MB evals60s=0
05:38:33 up=03:36:12 cpu=0.5 mt=2315 layout=4 layout%=0 rss=160MB evals60s=0
05:39:34 up=03:37:13 cpu=2.8 mt=2305 layout=9 layout%=0 rss=160MB evals60s=0
05:40:35 up=03:38:14 cpu=0.6 mt=2306 layout=5 layout%=0 rss=160MB evals60s=0
05:41:35 up=03:39:14 cpu=0.5 mt=2300 layout=7 layout%=0 rss=160MB evals60s=0
05:42:36 up=03:40:15 cpu=0.6 mt=2298 layout=7 layout%=0 rss=160MB evals60s=0
05:43:37 up=03:41:16 cpu=2.4 mt=2292 layout=8 layout%=0 rss=160MB evals60s=0
05:44:38 up=03:42:16 cpu=0.6 mt=2289 layout=11 layout%=0 rss=160MB evals60s=0
05:45:38 up=03:43:17 cpu=0.6 mt=2301 layout=6 layout%=0 rss=160MB evals60s=0
05:46:39 up=03:44:18 cpu=2.7 mt=2346 layout=7 layout%=0 rss=160MB evals60s=0
05:47:39 up=03:45:18 cpu=0.4 mt=2302 layout=7 layout%=0 rss=160MB evals60s=0
05:48:40 up=03:46:19 cpu=0.9 mt=2320 layout=7 layout%=0 rss=160MB evals60s=0
05:49:41 up=03:47:20 cpu=0.2 mt=2323 layout=6 layout%=0 rss=160MB evals60s=0
05:50:41 up=03:48:20 cpu=0.8 mt=2308 layout=6 layout%=0 rss=160MB evals60s=0
05:51:42 up=03:49:21 cpu=2.1 mt=2307 layout=5 layout%=0 rss=160MB evals60s=0
05:52:42 up=03:50:21 cpu=0.3 mt=2337 layout=5 layout%=0 rss=160MB evals60s=0
05:53:43 up=03:51:22 cpu=0.5 mt=2363 layout=5 layout%=0 rss=160MB evals60s=0
05:54:44 up=03:52:23 cpu=0.5 mt=2361 layout=6 layout%=0 rss=160MB evals60s=0
05:55:45 up=03:53:24 cpu=0.4 mt=2333 layout=6 layout%=0 rss=160MB evals60s=0
05:56:46 up=03:54:25 cpu=1.8 mt=2340 layout=6 layout%=0 rss=160MB evals60s=0
05:57:46 up=03:55:25 cpu=0.3 mt=2339 layout=5 layout%=0 rss=160MB evals60s=0
05:58:47 up=03:56:26 cpu=0.6 mt=2346 layout=7 layout%=0 rss=160MB evals60s=0
05:59:48 up=03:57:27 cpu=0.1 mt=2316 layout=7 layout%=0 rss=160MB evals60s=0
06:00:48 up=03:58:27 cpu=0.4 mt=2350 layout=4 layout%=0 rss=160MB evals60s=0
06:01:49 up=03:59:28 cpu=1.7 mt=2339 layout=6 layout%=0 rss=160MB evals60s=0
06:02:49 up=04:00:28 cpu=0.2 mt=2347 layout=6 layout%=0 rss=160MB evals60s=0
06:03:50 up=04:01:29 cpu=0.6 mt=2369 layout=6 layout%=0 rss=160MB evals60s=0
06:04:51 up=04:02:29 cpu=0.1 mt=2364 layout=5 layout%=0 rss=160MB evals60s=0
06:05:51 up=04:03:30 cpu=0.4 mt=2354 layout=5 layout%=0 rss=160MB evals60s=0
06:06:52 up=04:04:31 cpu=1.4 mt=2365 layout=6 layout%=0 rss=160MB evals60s=0
06:07:52 up=04:05:31 cpu=0.5 mt=2351 layout=5 layout%=0 rss=160MB evals60s=0
06:08:53 up=04:06:32 cpu=0.9 mt=2367 layout=3 layout%=0 rss=160MB evals60s=0
06:09:54 up=04:07:33 cpu=0.3 mt=2357 layout=6 layout%=0 rss=160MB evals60s=0
06:10:54 up=04:08:33 cpu=0.5 mt=2294 layout=8 layout%=0 rss=160MB evals60s=0
06:11:55 up=04:09:34 cpu=1.4 mt=2342 layout=6 layout%=0 rss=160MB evals60s=0
06:12:56 up=04:10:35 cpu=0.1 mt=2344 layout=5 layout%=0 rss=160MB evals60s=0
06:13:56 up=04:11:35 cpu=0.3 mt=2335 layout=7 layout%=0 rss=160MB evals60s=0
06:14:57 up=04:12:36 cpu=1.1 mt=2352 layout=6 layout%=0 rss=160MB evals60s=0
06:15:58 up=04:13:37 cpu=0.1 mt=2328 layout=7 layout%=0 rss=160MB evals60s=0
06:16:58 up=04:14:37 cpu=0.4 mt=2351 layout=7 layout%=0 rss=160MB evals60s=0
06:17:59 up=04:15:38 cpu=1.1 mt=2321 layout=9 layout%=0 rss=160MB evals60s=0
06:19:00 up=04:16:39 cpu=0.3 mt=2340 layout=6 layout%=0 rss=160MB evals60s=0
06:20:00 up=04:17:39 cpu=0.5 mt=2364 layout=5 layout%=0 rss=160MB evals60s=0
06:21:01 up=04:18:40 cpu=1.7 mt=2373 layout=5 layout%=0 rss=160MB evals60s=0
06:22:02 up=04:19:40 cpu=0.1 mt=2346 layout=3 layout%=0 rss=160MB evals60s=0
06:23:02 up=04:20:41 cpu=0.8 mt=2343 layout=6 layout%=0 rss=160MB evals60s=0
06:24:03 up=04:21:42 cpu=0.1 mt=2327 layout=6 layout%=0 rss=160MB evals60s=0
06:25:03 up=04:22:42 cpu=0.6 mt=2340 layout=5 layout%=0 rss=160MB evals60s=0
06:26:04 up=04:23:43 cpu=1.9 mt=2338 layout=5 layout%=0 rss=160MB evals60s=0
06:27:05 up=04:24:44 cpu=0.2 mt=2334 layout=5 layout%=0 rss=160MB evals60s=0
06:28:05 up=04:25:44 cpu=0.3 mt=2341 layout=5 layout%=0 rss=160MB evals60s=0
06:29:06 up=04:26:45 cpu=1.8 mt=2347 layout=5 layout%=0 rss=160MB evals60s=0
06:30:06 up=04:27:45 cpu=0.5 mt=2354 layout=4 layout%=0 rss=160MB evals60s=0
06:31:07 up=04:28:46 cpu=1.7 mt=2371 layout=5 layout%=0 rss=160MB evals60s=0
06:32:07 up=04:29:46 cpu=0.2 mt=2369 layout=4 layout%=0 rss=160MB evals60s=0
06:33:08 up=04:30:47 cpu=0.9 mt=2357 layout=4 layout%=0 rss=160MB evals60s=0
06:34:09 up=04:31:48 cpu=3.7 mt=2349 layout=6 layout%=0 rss=160MB evals60s=0
06:35:10 up=04:32:49 cpu=0.3 mt=2357 layout=5 layout%=0 rss=160MB evals60s=0
06:36:10 up=04:33:49 cpu=0.4 mt=2344 layout=9 layout%=0 rss=160MB evals60s=0
06:37:11 up=04:34:50 cpu=0.7 mt=2362 layout=5 layout%=0 rss=160MB evals60s=0
06:38:12 up=04:35:51 cpu=0.2 mt=2351 layout=7 layout%=0 rss=160MB evals60s=0
06:39:12 up=04:36:51 cpu=0.6 mt=2333 layout=7 layout%=0 rss=160MB evals60s=0
06:40:13 up=04:37:52 cpu=0.7 mt=2336 layout=4 layout%=0 rss=160MB evals60s=0
06:41:14 up=04:38:53 cpu=0.1 mt=2361 layout=5 layout%=0 rss=160MB evals60s=0
06:42:14 up=04:39:53 cpu=0.5 mt=2373 layout=4 layout%=0 rss=160MB evals60s=0
06:43:15 up=04:40:54 cpu=2.0 mt=2357 layout=6 layout%=0 rss=160MB evals60s=0
06:44:15 up=04:41:54 cpu=0.2 mt=2347 layout=5 layout%=0 rss=160MB evals60s=0
06:45:16 up=04:42:55 cpu=1.1 mt=2350 layout=6 layout%=0 rss=160MB evals60s=0
06:46:16 up=04:43:55 cpu=0.2 mt=2358 layout=4 layout%=0 rss=160MB evals60s=0
06:47:17 up=04:44:56 cpu=0.7 mt=2349 layout=11 layout%=0 rss=160MB evals60s=0
06:48:18 up=04:45:57 cpu=2.0 mt=2286 layout=29 layout%=1 rss=160MB evals60s=0
06:49:19 up=04:46:58 cpu=0.3 mt=2314 layout=10 layout%=0 rss=160MB evals60s=0
06:50:19 up=04:47:58 cpu=0.8 mt=2321 layout=8 layout%=0 rss=160MB evals60s=0
06:51:20 up=04:48:59 cpu=0.6 mt=2297 layout=17 layout%=0 rss=160MB evals60s=0
06:52:21 up=04:50:00 cpu=1.5 mt=2387 layout=23 layout%=0 rss=160MB evals60s=0
06:53:22 up=04:51:01 cpu=3.3 mt=2311 layout=10 layout%=0 rss=160MB evals60s=0
06:54:23 up=04:52:02 cpu=0.3 mt=2266 layout=37 layout%=1 rss=160MB evals60s=0
06:55:23 up=04:53:02 cpu=0.3 mt=2295 layout=8 layout%=0 rss=160MB evals60s=0
06:56:24 up=04:54:03 cpu=0.7 mt=2293 layout=9 layout%=0 rss=160MB evals60s=0
06:57:25 up=04:55:04 cpu=1.6 mt=2252 layout=113 layout%=5 rss=160MB evals60s=0
06:58:26 up=04:56:05 cpu=1.2 mt=2295 layout=11 layout%=0 rss=160MB evals60s=0
06:59:27 up=04:57:06 cpu=1.5 mt=2296 layout=14 layout%=0 rss=160MB evals60s=0
07:00:28 up=04:58:07 cpu=2.7 mt=2287 layout=11 layout%=0 rss=160MB evals60s=0
07:01:29 up=04:59:08 cpu=0.4 mt=2290 layout=9 layout%=0 rss=160MB evals60s=0
07:02:30 up=05:00:09 cpu=0.3 mt=2282 layout=11 layout%=0 rss=160MB evals60s=0
07:03:31 up=05:01:09 cpu=0.3 mt=2289 layout=13 layout%=0 rss=160MB evals60s=0
07:04:31 up=05:02:10 cpu=0.5 mt=2289 layout=15 layout%=0 rss=160MB evals60s=0
07:05:32 up=05:03:11 cpu=0.8 mt=2332 layout=40 layout%=1 rss=160MB evals60s=0
07:06:33 up=05:04:12 cpu=1.6 mt=2301 layout=7 layout%=0 rss=160MB evals60s=0
07:07:34 up=05:05:13 cpu=0.3 mt=2324 layout=6 layout%=0 rss=160MB evals60s=0
07:08:35 up=05:06:14 cpu=0.4 mt=2286 layout=13 layout%=0 rss=160MB evals60s=0
07:09:36 up=05:07:15 cpu=0.4 mt=2314 layout=11 layout%=0 rss=160MB evals60s=0
07:10:37 up=05:08:16 cpu=0.3 mt=2296 layout=14 layout%=0 rss=160MB evals60s=0
07:11:37 up=05:09:16 cpu=0.7 mt=2309 layout=16 layout%=0 rss=160MB evals60s=0
07:12:38 up=05:10:17 cpu=0.5 mt=2301 layout=9 layout%=0 rss=160MB evals60s=0
07:13:39 up=05:11:18 cpu=0.8 mt=2306 layout=10 layout%=0 rss=160MB evals60s=0
07:14:40 up=05:12:19 cpu=0.9 mt=2302 layout=16 layout%=0 rss=160MB evals60s=0
07:15:41 up=05:13:20 cpu=1.7 mt=2321 layout=6 layout%=0 rss=160MB evals60s=0
07:16:41 up=05:14:20 cpu=0.6 mt=2292 layout=21 layout%=0 rss=160MB evals60s=0
07:17:42 up=05:15:21 cpu=1.2 mt=2314 layout=11 layout%=0 rss=160MB evals60s=0
07:18:43 up=05:16:22 cpu=0.3 mt=2301 layout=16 layout%=0 rss=160MB evals60s=0
07:19:43 up=05:17:22 cpu=0.4 mt=2309 layout=1 layout%=0 rss=160MB evals60s=0
07:20:44 up=05:18:23 cpu=1.1 mt=2333 layout=7 layout%=0 rss=160MB evals60s=0
07:21:45 up=05:19:24 cpu=0.2 mt=2318 layout=10 layout%=0 rss=160MB evals60s=0
07:22:45 up=05:20:24 cpu=0.4 mt=2316 layout=6 layout%=0 rss=160MB evals60s=0
07:23:46 up=05:21:25 cpu=1.8 mt=2319 layout=9 layout%=0 rss=160MB evals60s=0
07:24:47 up=05:22:26 cpu=0.4 mt=2406 layout=6 layout%=0 rss=160MB evals60s=0
07:25:47 up=05:23:26 cpu=0.2 mt=2305 layout=9 layout%=0 rss=160MB evals60s=0
07:26:48 up=05:24:27 cpu=0.5 mt=2277 layout=21 layout%=0 rss=160MB evals60s=0
07:27:49 up=05:25:28 cpu=1.2 mt=2373 layout=10 layout%=0 rss=160MB evals60s=0
07:28:50 up=05:26:29 cpu=0.1 mt=2340 layout=8 layout%=0 rss=160MB evals60s=0
07:29:51 up=05:27:29 cpu=0.3 mt=2323 layout=6 layout%=0 rss=160MB evals60s=0
07:30:51 up=05:28:30 cpu=0.9 mt=2285 layout=14 layout%=0 rss=160MB evals60s=0
07:31:52 up=05:29:31 cpu=1.4 mt=2332 layout=5 layout%=0 rss=160MB evals60s=0
07:32:53 up=05:30:32 cpu=0.3 mt=2329 layout=6 layout%=0 rss=160MB evals60s=0
07:33:53 up=05:31:32 cpu=0.8 mt=2309 layout=7 layout%=0 rss=160MB evals60s=0
07:34:54 up=05:32:33 cpu=0.8 mt=2350 layout=5 layout%=0 rss=160MB evals60s=0
07:35:55 up=05:33:34 cpu=0.1 mt=2328 layout=1 layout%=0 rss=160MB evals60s=0
07:36:55 up=05:34:34 cpu=0.5 mt=2319 layout=6 layout%=0 rss=160MB evals60s=0
07:37:56 up=05:35:35 cpu=1.0 mt=2339 layout=5 layout%=0 rss=160MB evals60s=0
07:38:57 up=05:36:36 cpu=0.1 mt=2341 layout=6 layout%=0 rss=160MB evals60s=0
07:39:58 up=05:37:37 cpu=0.2 mt=2308 layout=5 layout%=0 rss=160MB evals60s=0
07:40:58 up=05:38:37 cpu=0.5 mt=2313 layout=9 layout%=0 rss=160MB evals60s=0
07:41:59 up=05:39:38 cpu=1.0 mt=2321 layout=4 layout%=0 rss=160MB evals60s=0
07:43:00 up=05:40:39 cpu=2.5 mt=2323 layout=6 layout%=0 rss=160MB evals60s=0
07:44:00 up=05:41:39 cpu=0.2 mt=2346 layout=4 layout%=0 rss=160MB evals60s=0
07:45:01 up=05:42:40 cpu=0.4 mt=2329 layout=6 layout%=0 rss=160MB evals60s=0
07:46:02 up=05:43:41 cpu=1.8 mt=2321 layout=5 layout%=0 rss=160MB evals60s=0
07:47:03 up=05:44:42 cpu=1.6 mt=2332 layout=6 layout%=0 rss=160MB evals60s=0
07:48:03 up=05:45:42 cpu=0.2 mt=2364 layout=6 layout%=0 rss=160MB evals60s=0
07:49:04 up=05:46:43 cpu=0.9 mt=2336 layout=8 layout%=0 rss=160MB evals60s=0
07:50:05 up=05:47:44 cpu=0.4 mt=2322 layout=7 layout%=0 rss=160MB evals60s=0
07:51:06 up=05:48:45 cpu=1.0 mt=2322 layout=6 layout%=0 rss=160MB evals60s=0
07:52:06 up=05:49:45 cpu=0.5 mt=2348 layout=5 layout%=0 rss=160MB evals60s=0
07:53:07 up=05:50:46 cpu=0.3 mt=2320 layout=5 layout%=0 rss=160MB evals60s=0
07:54:08 up=05:51:47 cpu=0.7 mt=2334 layout=5 layout%=0 rss=160MB evals60s=0
07:55:09 up=05:52:48 cpu=1.2 mt=2521 layout=6 layout%=0 rss=160MB evals60s=0
07:56:10 up=05:53:49 cpu=0.2 mt=2319 layout=7 layout%=0 rss=160MB evals60s=0
07:57:10 up=05:54:49 cpu=0.7 mt=2346 layout=30 layout%=1 rss=160MB evals60s=0
07:58:11 up=05:55:50 cpu=0.5 mt=2334 layout=7 layout%=0 rss=160MB evals60s=0
07:59:12 up=05:56:51 cpu=0.7 mt=2320 layout=22 layout%=0 rss=160MB evals60s=0
08:00:13 up=05:57:52 cpu=0.2 mt=2300 layout=42 layout%=1 rss=160MB evals60s=0
08:01:13 up=05:58:52 cpu=0.9 mt=2309 layout=12 layout%=0 rss=160MB evals60s=0
08:02:14 up=05:59:53 cpu=2.6 mt=2551 layout=1 layout%=0 rss=165MB evals60s=0
08:03:14 up=06:00:53 cpu=7.4 mt=2512 layout=0 layout%=0 rss=165MB evals60s=0
08:04:14 up=06:01:53 cpu=6.9 mt=2513 layout=0 layout%=0 rss=165MB evals60s=0
08:05:15 up=06:02:54 cpu=9.8 mt=2507 layout=0 layout%=0 rss=179MB evals60s=0
08:06:15 up=06:03:54 cpu=11.3 mt=2510 layout=1 layout%=0 rss=167MB evals60s=0
08:07:15 up=06:04:54 cpu=10.7 mt=2504 layout=0 layout%=0 rss=167MB evals60s=0
08:08:16 up=06:05:55 cpu=10.3 mt=2507 layout=0 layout%=0 rss=167MB evals60s=0
08:09:16 up=06:06:55 cpu=11.3 mt=2494 layout=1 layout%=0 rss=167MB evals60s=0
08:10:16 up=06:07:55 cpu=10.6 mt=2511 layout=0 layout%=0 rss=167MB evals60s=0
08:11:16 up=06:08:55 cpu=9.7 mt=2444 layout=0 layout%=0 rss=167MB evals60s=0
08:12:17 up=06:09:56 cpu=9.1 mt=2287 layout=1 layout%=0 rss=167MB evals60s=0
08:13:17 up=06:10:56 cpu=9.9 mt=2301 layout=0 layout%=0 rss=167MB evals60s=0
08:14:17 up=06:11:56 cpu=9.9 mt=2300 layout=1 layout%=0 rss=167MB evals60s=0
08:15:18 up=06:12:57 cpu=8.6 mt=2297 layout=1 layout%=0 rss=167MB evals60s=0
08:16:18 up=06:13:57 cpu=8.1 mt=2298 layout=0 layout%=0 rss=167MB evals60s=0
08:17:18 up=06:14:57 cpu=9.2 mt=2294 layout=0 layout%=0 rss=167MB evals60s=0
08:18:19 up=06:15:58 cpu=9.6 mt=2299 layout=0 layout%=0 rss=167MB evals60s=0
08:19:19 up=06:16:58 cpu=9.3 mt=2276 layout=0 layout%=0 rss=167MB evals60s=0
08:20:19 up=06:17:58 cpu=11.2 mt=2288 layout=0 layout%=0 rss=167MB evals60s=0
08:21:20 up=06:18:58 cpu=10.9 mt=2300 layout=0 layout%=0 rss=167MB evals60s=0
08:22:20 up=06:19:59 cpu=6.9 mt=2297 layout=0 layout%=0 rss=167MB evals60s=0
08:23:20 up=06:20:59 cpu=7.1 mt=2310 layout=0 layout%=0 rss=167MB evals60s=0
08:24:20 up=06:21:59 cpu=6.9 mt=2312 layout=0 layout%=0 rss=167MB evals60s=0
08:25:21 up=06:23:00 cpu=7.2 mt=2316 layout=0 layout%=0 rss=167MB evals60s=0
08:26:21 up=06:24:00 cpu=8.3 mt=2328 layout=0 layout%=0 rss=167MB evals60s=0
08:27:21 up=06:25:00 cpu=7.5 mt=2314 layout=0 layout%=0 rss=167MB evals60s=0
08:28:21 up=06:26:00 cpu=6.7 mt=2293 layout=0 layout%=0 rss=167MB evals60s=0
08:29:22 up=06:27:01 cpu=5.6 mt=2307 layout=0 layout%=0 rss=167MB evals60s=0
08:30:22 up=06:28:01 cpu=7.6 mt=2314 layout=1 layout%=0 rss=167MB evals60s=0
08:31:22 up=06:29:01 cpu=9.0 mt=2315 layout=0 layout%=0 rss=167MB evals60s=0
08:32:23 up=06:30:02 cpu=8.0 mt=2319 layout=1 layout%=0 rss=167MB evals60s=0
08:33:23 up=06:31:02 cpu=8.8 mt=2309 layout=0 layout%=0 rss=167MB evals60s=0
08:34:23 up=06:32:02 cpu=11.2 mt=2527 layout=0 layout%=0 rss=167MB evals60s=0
08:35:24 up=06:33:03 cpu=7.0 mt=2543 layout=0 layout%=0 rss=167MB evals60s=0
08:36:24 up=06:34:03 cpu=10.8 mt=2545 layout=0 layout%=0 rss=167MB evals60s=0
08:37:24 up=06:35:03 cpu=10.2 mt=2547 layout=0 layout%=0 rss=167MB evals60s=0
08:38:24 up=06:36:03 cpu=9.4 mt=2540 layout=0 layout%=0 rss=167MB evals60s=0
08:39:25 up=06:37:04 cpu=11.4 mt=2526 layout=1 layout%=0 rss=167MB evals60s=0
08:40:25 up=06:38:04 cpu=10.1 mt=2532 layout=0 layout%=0 rss=167MB evals60s=0
08:41:25 up=06:39:04 cpu=10.6 mt=2521 layout=0 layout%=0 rss=167MB evals60s=0
08:42:26 up=06:40:05 cpu=11.0 mt=2522 layout=0 layout%=0 rss=167MB evals60s=0
08:43:26 up=06:41:05 cpu=11.1 mt=2515 layout=0 layout%=0 rss=167MB evals60s=0
08:44:26 up=06:42:05 cpu=10.7 mt=2521 layout=0 layout%=0 rss=167MB evals60s=0
08:45:27 up=06:43:05 cpu=9.6 mt=2527 layout=0 layout%=0 rss=167MB evals60s=0
08:46:27 up=06:44:06 cpu=10.3 mt=2523 layout=0 layout%=0 rss=167MB evals60s=0
08:47:27 up=06:45:06 cpu=11.2 mt=2541 layout=1 layout%=0 rss=167MB evals60s=0
08:48:27 up=06:46:06 cpu=10.2 mt=2324 layout=2 layout%=0 rss=167MB evals60s=0
08:49:28 up=06:47:07 cpu=7.7 mt=2316 layout=1 layout%=0 rss=167MB evals60s=0
08:50:28 up=06:48:07 cpu=10.7 mt=2312 layout=0 layout%=0 rss=167MB evals60s=0
08:51:28 up=06:49:07 cpu=10.4 mt=2312 layout=0 layout%=0 rss=167MB evals60s=0
08:52:29 up=06:50:08 cpu=10.8 mt=2304 layout=0 layout%=0 rss=167MB evals60s=0
08:53:29 up=06:51:08 cpu=9.0 mt=2316 layout=1 layout%=0 rss=167MB evals60s=0
08:54:29 up=06:52:08 cpu=9.7 mt=2295 layout=0 layout%=0 rss=167MB evals60s=0
08:55:29 up=06:53:08 cpu=9.6 mt=2295 layout=1 layout%=0 rss=167MB evals60s=0
08:56:30 up=06:54:09 cpu=9.3 mt=2304 layout=0 layout%=0 rss=167MB evals60s=0
08:57:30 up=06:55:09 cpu=8.9 mt=2314 layout=0 layout%=0 rss=167MB evals60s=0
08:58:30 up=06:56:09 cpu=7.2 mt=2305 layout=0 layout%=0 rss=167MB evals60s=0
08:59:31 up=06:57:10 cpu=8.6 mt=2302 layout=1 layout%=0 rss=167MB evals60s=0
09:00:31 up=06:58:10 cpu=7.7 mt=2305 layout=0 layout%=0 rss=167MB evals60s=0
09:01:31 up=06:59:10 cpu=7.7 mt=2303 layout=0 layout%=0 rss=167MB evals60s=0
09:02:32 up=07:00:11 cpu=7.4 mt=2295 layout=0 layout%=0 rss=167MB evals60s=0
09:03:32 up=07:01:11 cpu=8.7 mt=2304 layout=0 layout%=0 rss=167MB evals60s=0
09:04:32 up=07:02:11 cpu=8.1 mt=2303 layout=0 layout%=0 rss=167MB evals60s=0
09:05:32 up=07:03:11 cpu=7.6 mt=2300 layout=1 layout%=0 rss=167MB evals60s=0
09:06:33 up=07:04:12 cpu=7.2 mt=2305 layout=0 layout%=0 rss=167MB evals60s=0
09:07:33 up=07:05:12 cpu=9.0 mt=2298 layout=0 layout%=0 rss=167MB evals60s=0
09:08:33 up=07:06:12 cpu=17.0 mt=2303 layout=0 layout%=0 rss=168MB evals60s=0
09:09:34 up=07:07:13 cpu=16.3 mt=2304 layout=1 layout%=0 rss=168MB evals60s=0
09:10:34 up=07:08:13 cpu=17.2 mt=2295 layout=1 layout%=0 rss=168MB evals60s=0
09:11:34 up=07:09:13 cpu=16.9 mt=2304 layout=0 layout%=0 rss=168MB evals60s=0
09:12:34 up=07:10:13 cpu=15.9 mt=2301 layout=1 layout%=0 rss=168MB evals60s=0
09:13:35 up=07:11:14 cpu=16.7 mt=2293 layout=0 layout%=0 rss=168MB evals60s=0
09:14:35 up=07:12:14 cpu=15.5 mt=2299 layout=1 layout%=0 rss=168MB evals60s=0
09:15:35 up=07:13:14 cpu=16.5 mt=2295 layout=0 layout%=0 rss=168MB evals60s=0
09:16:36 up=07:14:15 cpu=16.1 mt=2298 layout=0 layout%=0 rss=168MB evals60s=0
09:17:36 up=07:15:15 cpu=16.3 mt=2305 layout=0 layout%=0 rss=168MB evals60s=0
09:18:36 up=07:16:15 cpu=16.8 mt=2277 layout=0 layout%=0 rss=168MB evals60s=0
09:19:36 up=07:17:15 cpu=17.6 mt=2277 layout=0 layout%=0 rss=168MB evals60s=0
09:20:37 up=07:18:16 cpu=16.8 mt=2303 layout=1 layout%=0 rss=168MB evals60s=0
09:21:37 up=07:19:16 cpu=16.3 mt=2308 layout=0 layout%=0 rss=168MB evals60s=0
09:22:37 up=07:20:16 cpu=15.7 mt=2319 layout=0 layout%=0 rss=168MB evals60s=0
09:23:38 up=07:21:17 cpu=14.3 mt=2318 layout=0 layout%=0 rss=168MB evals60s=0
09:24:38 up=07:22:17 cpu=14.8 mt=2305 layout=2 layout%=0 rss=168MB evals60s=0
09:25:38 up=07:23:17 cpu=16.4 mt=2309 layout=0 layout%=0 rss=168MB evals60s=0
09:26:39 up=07:24:17 cpu=15.7 mt=2311 layout=0 layout%=0 rss=168MB evals60s=0
09:27:39 up=07:25:18 cpu=15.0 mt=2311 layout=1 layout%=0 rss=168MB evals60s=0
09:28:39 up=07:26:18 cpu=16.6 mt=2317 layout=1 layout%=0 rss=168MB evals60s=0
09:29:39 up=07:27:18 cpu=15.0 mt=2309 layout=1 layout%=0 rss=168MB evals60s=0
09:30:40 up=07:28:19 cpu=14.9 mt=2308 layout=1 layout%=0 rss=168MB evals60s=0
09:31:40 up=07:29:19 cpu=16.6 mt=2310 layout=2 layout%=0 rss=168MB evals60s=0
09:32:40 up=07:30:19 cpu=14.8 mt=2313 layout=0 layout%=0 rss=168MB evals60s=0
09:33:40 up=07:31:19 cpu=15.0 mt=2305 layout=2 layout%=0 rss=168MB evals60s=0
09:34:41 up=07:32:20 cpu=15.3 mt=2312 layout=1 layout%=0 rss=168MB evals60s=0
09:35:41 up=07:33:20 cpu=15.9 mt=2302 layout=0 layout%=0 rss=168MB evals60s=0
09:36:41 up=07:34:20 cpu=16.2 mt=2304 layout=1 layout%=0 rss=168MB evals60s=0
09:37:42 up=07:35:21 cpu=15.7 mt=2311 layout=0 layout%=0 rss=168MB evals60s=0
09:38:42 up=07:36:21 cpu=15.6 mt=2307 layout=1 layout%=0 rss=168MB evals60s=0
09:39:42 up=07:37:21 cpu=15.7 mt=2296 layout=0 layout%=0 rss=168MB evals60s=0
09:40:43 up=07:38:22 cpu=16.4 mt=2309 layout=0 layout%=0 rss=168MB evals60s=0
09:41:43 up=07:39:22 cpu=14.7 mt=2301 layout=0 layout%=0 rss=168MB evals60s=0
09:42:43 up=07:40:22 cpu=16.8 mt=2278 layout=0 layout%=0 rss=168MB evals60s=0
09:43:44 up=07:41:22 cpu=17.5 mt=2275 layout=1 layout%=0 rss=168MB evals60s=0
09:44:44 up=07:42:23 cpu=17.1 mt=2266 layout=0 layout%=0 rss=168MB evals60s=0
09:45:44 up=07:43:23 cpu=17.5 mt=2272 layout=1 layout%=0 rss=168MB evals60s=0
09:46:44 up=07:44:23 cpu=18.3 mt=2262 layout=1 layout%=0 rss=168MB evals60s=0
09:47:45 up=07:45:24 cpu=18.0 mt=2272 layout=0 layout%=0 rss=169MB evals60s=0
09:48:45 up=07:46:24 cpu=19.4 mt=2270 layout=0 layout%=0 rss=169MB evals60s=0
09:49:46 up=07:47:25 cpu=16.5 mt=2276 layout=1 layout%=0 rss=169MB evals60s=0
09:50:46 up=07:48:25 cpu=16.7 mt=2278 layout=0 layout%=0 rss=168MB evals60s=0
09:51:46 up=07:49:25 cpu=17.4 mt=2279 layout=0 layout%=0 rss=169MB evals60s=0
09:52:46 up=07:50:25 cpu=16.6 mt=2468 layout=2 layout%=0 rss=169MB evals60s=0
09:53:47 up=07:51:26 cpu=17.4 mt=2452 layout=1 layout%=0 rss=168MB evals60s=0
09:54:47 up=07:52:26 cpu=18.8 mt=2451 layout=1 layout%=0 rss=169MB evals60s=0
09:55:47 up=07:53:26 cpu=18.7 mt=2455 layout=0 layout%=0 rss=169MB evals60s=0
09:56:48 up=07:54:27 cpu=18.3 mt=2448 layout=1 layout%=0 rss=169MB evals60s=0
09:57:48 up=07:55:27 cpu=17.5 mt=2268 layout=1 layout%=0 rss=169MB evals60s=0
09:58:48 up=07:56:27 cpu=0.6 mt=2314 layout=6 layout%=0 rss=169MB evals60s=0
09:59:49 up=07:57:28 cpu=0.4 mt=2325 layout=6 layout%=0 rss=169MB evals60s=0
10:00:49 up=07:58:28 cpu=1.2 mt=2314 layout=6 layout%=0 rss=169MB evals60s=0
10:01:50 up=07:59:29 cpu=0.4 mt=2558 layout=6 layout%=0 rss=169MB evals60s=0
10:02:50 up=08:00:29 cpu=0.2 mt=2553 layout=7 layout%=0 rss=168MB evals60s=0
10:03:50 up=08:01:29 cpu=0.8 mt=2536 layout=8 layout%=0 rss=168MB evals60s=0
10:04:51 up=08:02:30 cpu=0.3 mt=2555 layout=7 layout%=0 rss=168MB evals60s=0
10:05:51 up=08:03:30 cpu=0.2 mt=2562 layout=6 layout%=0 rss=168MB evals60s=0
10:06:51 up=08:04:30 cpu=1.3 mt=2557 layout=6 layout%=0 rss=168MB evals60s=0
10:07:51 up=08:05:30 cpu=0.4 mt=2563 layout=7 layout%=0 rss=168MB evals60s=0
10:08:52 up=08:06:31 cpu=0.2 mt=2554 layout=8 layout%=0 rss=168MB evals60s=0
10:09:52 up=08:07:31 cpu=1.7 mt=2569 layout=6 layout%=0 rss=168MB evals60s=0
10:10:52 up=08:08:31 cpu=0.5 mt=2557 layout=7 layout%=0 rss=168MB evals60s=0
10:11:53 up=08:09:32 cpu=0.4 mt=2558 layout=8 layout%=0 rss=168MB evals60s=0
10:12:53 up=08:10:32 cpu=1.6 mt=2550 layout=6 layout%=0 rss=168MB evals60s=0
10:13:53 up=08:11:32 cpu=0.8 mt=2566 layout=7 layout%=0 rss=168MB evals60s=0
10:14:54 up=08:12:33 cpu=0.5 mt=2557 layout=6 layout%=0 rss=168MB evals60s=0
10:15:54 up=08:13:33 cpu=1.6 mt=2556 layout=6 layout%=0 rss=168MB evals60s=0
10:16:54 up=08:14:33 cpu=0.8 mt=2329 layout=5 layout%=0 rss=168MB evals60s=0
10:17:55 up=08:15:34 cpu=0.3 mt=2334 layout=4 layout%=0 rss=168MB evals60s=0
10:18:55 up=08:16:34 cpu=0.2 mt=2330 layout=5 layout%=0 rss=168MB evals60s=0
10:19:55 up=08:17:34 cpu=0.8 mt=2317 layout=5 layout%=0 rss=168MB evals60s=0
10:20:56 up=08:18:35 cpu=0.4 mt=2333 layout=6 layout%=0 rss=168MB evals60s=0
10:21:56 up=08:19:35 cpu=1.8 mt=2319 layout=6 layout%=0 rss=168MB evals60s=0
10:22:56 up=08:20:35 cpu=0.6 mt=2330 layout=6 layout%=0 rss=168MB evals60s=0
10:23:57 up=08:21:36 cpu=0.2 mt=2326 layout=5 layout%=0 rss=168MB evals60s=0
10:24:57 up=08:22:36 cpu=1.1 mt=2321 layout=5 layout%=0 rss=168MB evals60s=0
10:25:57 up=08:23:36 cpu=0.6 mt=2322 layout=6 layout%=0 rss=168MB evals60s=0
10:26:58 up=08:24:37 cpu=0.3 mt=2329 layout=5 layout%=0 rss=168MB evals60s=0
10:27:58 up=08:25:37 cpu=1.8 mt=2338 layout=6 layout%=0 rss=168MB evals60s=0
10:28:58 up=08:26:37 cpu=0.5 mt=2318 layout=5 layout%=0 rss=169MB evals60s=0
10:29:59 up=08:27:38 cpu=0.2 mt=2540 layout=6 layout%=0 rss=169MB evals60s=0
10:30:59 up=08:28:38 cpu=1.1 mt=2547 layout=5 layout%=0 rss=169MB evals60s=0
10:32:00 up=08:29:39 cpu=0.4 mt=2542 layout=6 layout%=0 rss=169MB evals60s=0
10:33:00 up=08:30:39 cpu=0.2 mt=2559 layout=6 layout%=0 rss=169MB evals60s=0
10:34:00 up=08:31:39 cpu=1.3 mt=2561 layout=8 layout%=0 rss=169MB evals60s=0
10:35:00 up=08:32:39 cpu=0.6 mt=2553 layout=6 layout%=0 rss=169MB evals60s=0
10:36:01 up=08:33:40 cpu=0.2 mt=2542 layout=7 layout%=0 rss=169MB evals60s=0
10:37:01 up=08:34:40 cpu=1.3 mt=2544 layout=8 layout%=0 rss=169MB evals60s=0
10:38:02 up=08:35:41 cpu=0.5 mt=2550 layout=5 layout%=0 rss=169MB evals60s=0
10:39:02 up=08:36:41 cpu=0.2 mt=2546 layout=6 layout%=0 rss=169MB evals60s=0
10:40:02 up=08:37:41 cpu=1.1 mt=2559 layout=6 layout%=0 rss=169MB evals60s=0
10:41:03 up=08:38:42 cpu=0.3 mt=2552 layout=6 layout%=0 rss=169MB evals60s=0
10:42:03 up=08:39:42 cpu=5.3 mt=2505 layout=0 layout%=0 rss=170MB evals60s=0
10:43:03 up=08:40:42 cpu=0.7 mt=2547 layout=5 layout%=0 rss=170MB evals60s=0
10:44:04 up=08:41:43 cpu=0.4 mt=2543 layout=7 layout%=0 rss=170MB evals60s=0
10:45:01 no-process
10:46:01 no-process
10:47:01 no-process
10:48:01 no-process
10:49:01 no-process
10:50:01 no-process
10:51:01 no-process
10:52:01 no-process
10:53:01 no-process
10:54:05 up=00:36 cpu=9.2 mt=2472 layout=2 layout%=0 rss=186MB evals60s=0
10:55:05 up=01:36 cpu=10.5 mt=2497 layout=2 layout%=0 rss=136MB evals60s=0
10:56:05 up=02:36 cpu=7.0 mt=2463 layout=10 layout%=0 rss=137MB evals60s=0
10:57:06 up=03:37 cpu=6.0 mt=2502 layout=1 layout%=0 rss=138MB evals60s=0
10:58:06 up=04:37 cpu=12.5 mt=2461 layout=8 layout%=0 rss=139MB evals60s=0
10:59:06 up=05:37 cpu=7.6 mt=2467 layout=2 layout%=0 rss=139MB evals60s=0
11:00:07 up=06:38 cpu=8.7 mt=2475 layout=1 layout%=0 rss=139MB evals60s=0
11:01:07 up=07:38 cpu=7.1 mt=2504 layout=0 layout%=0 rss=139MB evals60s=0
11:02:07 up=08:38 cpu=10.9 mt=2486 layout=1 layout%=0 rss=140MB evals60s=0
11:03:08 up=09:39 cpu=11.3 mt=2484 layout=2 layout%=0 rss=140MB evals60s=0
11:04:08 up=10:39 cpu=11.4 mt=2485 layout=1 layout%=0 rss=140MB evals60s=0
11:05:08 up=11:39 cpu=11.5 mt=2487 layout=0 layout%=0 rss=140MB evals60s=0
11:06:09 up=12:40 cpu=11.1 mt=2493 layout=2 layout%=0 rss=140MB evals60s=0
11:07:09 up=13:40 cpu=10.4 mt=2508 layout=0 layout%=0 rss=140MB evals60s=0
11:08:09 up=14:40 cpu=7.4 mt=2498 layout=0 layout%=0 rss=139MB evals60s=0
11:09:10 up=15:41 cpu=7.9 mt=2502 layout=0 layout%=0 rss=135MB evals60s=0
11:10:10 up=16:41 cpu=7.8 mt=2481 layout=0 layout%=0 rss=135MB evals60s=0
11:11:10 up=17:41 cpu=7.5 mt=2494 layout=0 layout%=0 rss=135MB evals60s=0
11:12:11 up=18:42 cpu=7.8 mt=2488 layout=0 layout%=0 rss=135MB evals60s=0
11:13:11 up=19:42 cpu=7.5 mt=2519 layout=0 layout%=0 rss=135MB evals60s=0
11:14:11 up=20:42 cpu=7.3 mt=2504 layout=0 layout%=0 rss=135MB evals60s=0
11:15:12 up=21:43 cpu=8.4 mt=2482 layout=4 layout%=0 rss=135MB evals60s=0
11:16:12 up=22:43 cpu=8.3 mt=2517 layout=2 layout%=0 rss=135MB evals60s=0
11:17:12 up=23:43 cpu=7.6 mt=2494 layout=0 layout%=0 rss=135MB evals60s=0
11:18:13 up=24:44 cpu=6.9 mt=0 layout=1 layout%=0 rss=135MB evals60s=0
11:19:13 up=25:44 cpu=8.3 mt=0 layout=3 layout%=0 rss=135MB evals60s=0
11:20:13 up=26:44 cpu=8.1 mt=2478 layout=1 layout%=0 rss=135MB evals60s=0
11:21:14 up=27:45 cpu=7.7 mt=0 layout=1 layout%=0 rss=135MB evals60s=0
11:22:14 up=28:45 cpu=8.0 mt=2494 layout=3 layout%=0 rss=135MB evals60s=0
11:23:14 up=29:45 cpu=8.0 mt=2521 layout=0 layout%=0 rss=135MB evals60s=0
11:24:15 up=30:45 cpu=8.8 mt=2495 layout=1 layout%=0 rss=135MB evals60s=0
11:25:15 up=31:46 cpu=7.3 mt=2495 layout=0 layout%=0 rss=135MB evals60s=0
11:26:15 up=32:46 cpu=7.7 mt=2487 layout=1 layout%=0 rss=135MB evals60s=0
11:27:16 up=33:47 cpu=7.7 mt=2498 layout=0 layout%=0 rss=135MB evals60s=0
11:28:16 up=34:47 cpu=6.6 mt=2548 layout=0 layout%=0 rss=135MB evals60s=0
11:29:16 up=35:47 cpu=7.7 mt=2535 layout=0 layout%=0 rss=135MB evals60s=0
11:30:17 up=36:48 cpu=8.1 mt=2508 layout=1 layout%=0 rss=136MB evals60s=0
11:31:17 up=37:48 cpu=9.1 mt=2496 layout=14 layout%=0 rss=136MB evals60s=0
11:32:17 up=38:48 cpu=8.6 mt=2509 layout=0 layout%=0 rss=136MB evals60s=0
11:33:18 up=39:49 cpu=10.2 mt=2551 layout=0 layout%=0 rss=136MB evals60s=0
11:34:18 up=40:49 cpu=10.2 mt=2553 layout=1 layout%=0 rss=136MB evals60s=0
11:35:18 up=41:49 cpu=8.5 mt=2511 layout=0 layout%=0 rss=136MB evals60s=0
11:36:19 up=42:50 cpu=8.6 mt=2535 layout=1 layout%=0 rss=136MB evals60s=0
11:37:19 up=43:50 cpu=10.0 mt=2526 layout=0 layout%=0 rss=136MB evals60s=0
11:38:19 up=44:50 cpu=9.6 mt=2520 layout=1 layout%=0 rss=136MB evals60s=0
11:39:20 up=45:51 cpu=7.9 mt=2527 layout=1 layout%=0 rss=136MB evals60s=0
11:40:20 up=46:51 cpu=8.4 mt=2535 layout=0 layout%=0 rss=136MB evals60s=0
11:41:20 up=47:51 cpu=8.7 mt=2543 layout=0 layout%=0 rss=136MB evals60s=0
11:42:21 up=48:52 cpu=8.1 mt=2533 layout=0 layout%=0 rss=136MB evals60s=0
11:43:21 up=49:52 cpu=8.9 mt=2515 layout=0 layout%=0 rss=136MB evals60s=0
11:44:21 up=50:52 cpu=9.8 mt=2503 layout=1 layout%=0 rss=137MB evals60s=0
11:45:22 up=51:53 cpu=9.0 mt=2508 layout=1 layout%=0 rss=137MB evals60s=0
11:46:22 up=52:53 cpu=9.4 mt=2541 layout=0 layout%=0 rss=136MB evals60s=0
11:47:22 up=53:53 cpu=8.8 mt=2533 layout=0 layout%=0 rss=136MB evals60s=0
11:48:23 up=54:54 cpu=10.0 mt=2569 layout=0 layout%=0 rss=137MB evals60s=0
11:49:23 up=55:54 cpu=8.7 mt=2568 layout=0 layout%=0 rss=137MB evals60s=0
11:50:23 up=56:54 cpu=8.9 mt=2527 layout=0 layout%=0 rss=137MB evals60s=0
11:51:23 up=57:54 cpu=8.7 mt=2567 layout=0 layout%=0 rss=137MB evals60s=0
11:52:24 up=58:55 cpu=9.1 mt=2518 layout=0 layout%=0 rss=137MB evals60s=0
11:53:24 up=59:55 cpu=9.4 mt=2535 layout=0 layout%=0 rss=137MB evals60s=0
11:54:24 up=01:00:55 cpu=9.4 mt=2500 layout=0 layout%=0 rss=137MB evals60s=0
11:55:25 up=01:01:56 cpu=8.9 mt=2501 layout=0 layout%=0 rss=137MB evals60s=0
11:56:25 up=01:02:56 cpu=9.6 mt=2518 layout=0 layout%=0 rss=137MB evals60s=0
11:57:25 up=01:03:56 cpu=9.4 mt=2503 layout=1 layout%=0 rss=137MB evals60s=0
11:58:26 up=01:04:57 cpu=9.0 mt=2507 layout=0 layout%=0 rss=137MB evals60s=0
11:59:26 up=01:05:57 cpu=9.8 mt=2500 layout=1 layout%=0 rss=137MB evals60s=0
12:00:27 up=01:06:58 cpu=16.5 mt=2504 layout=0 layout%=0 rss=138MB evals60s=0
12:01:27 up=01:07:58 cpu=16.0 mt=2452 layout=1 layout%=0 rss=138MB evals60s=0
12:02:27 up=01:08:58 cpu=17.2 mt=2461 layout=1 layout%=0 rss=138MB evals60s=0
12:03:28 up=01:09:59 cpu=16.7 mt=2458 layout=1 layout%=0 rss=138MB evals60s=0
12:04:28 up=01:10:59 cpu=16.4 mt=2502 layout=0 layout%=0 rss=138MB evals60s=0
12:05:29 up=01:12:00 cpu=18.2 mt=2453 layout=1 layout%=0 rss=138MB evals60s=0
12:06:29 up=01:13:00 cpu=18.5 mt=2472 layout=0 layout%=0 rss=138MB evals60s=0
12:07:29 up=01:14:00 cpu=16.2 mt=2499 layout=0 layout%=0 rss=138MB evals60s=0
12:08:29 up=01:15:00 cpu=16.1 mt=2504 layout=0 layout%=0 rss=138MB evals60s=0
12:09:30 up=01:16:01 cpu=16.1 mt=2504 layout=0 layout%=0 rss=138MB evals60s=0
12:10:30 up=01:17:01 cpu=17.6 mt=2489 layout=0 layout%=0 rss=138MB evals60s=0
12:11:30 up=01:18:01 cpu=16.4 mt=2505 layout=0 layout%=0 rss=138MB evals60s=0
12:12:31 up=01:19:02 cpu=15.4 mt=2502 layout=0 layout%=0 rss=138MB evals60s=0
12:13:31 up=01:20:02 cpu=16.4 mt=2527 layout=0 layout%=0 rss=138MB evals60s=0
12:14:32 up=01:21:03 cpu=16.6 mt=2498 layout=0 layout%=0 rss=138MB evals60s=0
12:15:32 up=01:22:03 cpu=17.8 mt=2488 layout=1 layout%=0 rss=138MB evals60s=0
12:16:32 up=01:23:03 cpu=17.1 mt=2480 layout=0 layout%=0 rss=138MB evals60s=0
12:17:32 up=01:24:03 cpu=17.6 mt=2469 layout=0 layout%=0 rss=138MB evals60s=0
12:18:33 up=01:25:04 cpu=16.9 mt=2486 layout=2 layout%=0 rss=138MB evals60s=0
12:19:33 up=01:26:04 cpu=16.7 mt=2492 layout=0 layout%=0 rss=138MB evals60s=0
12:20:33 up=01:27:04 cpu=16.0 mt=2524 layout=0 layout%=0 rss=138MB evals60s=0
12:21:34 up=01:28:05 cpu=16.3 mt=2513 layout=0 layout%=0 rss=138MB evals60s=0
12:22:34 up=01:29:05 cpu=15.7 mt=2505 layout=0 layout%=0 rss=138MB evals60s=0
12:23:34 up=01:30:05 cpu=16.5 mt=2508 layout=0 layout%=0 rss=138MB evals60s=0
12:24:35 up=01:31:06 cpu=17.2 mt=2463 layout=0 layout%=0 rss=138MB evals60s=0
12:25:35 up=01:32:06 cpu=17.9 mt=2472 layout=1 layout%=0 rss=138MB evals60s=0
12:26:35 up=01:33:06 cpu=15.8 mt=2485 layout=0 layout%=0 rss=138MB evals60s=0
12:27:36 up=01:34:07 cpu=18.2 mt=2451 layout=0 layout%=0 rss=139MB evals60s=0
12:28:36 up=01:35:07 cpu=17.1 mt=2462 layout=2 layout%=0 rss=138MB evals60s=0
12:29:36 up=01:36:07 cpu=16.8 mt=2458 layout=0 layout%=0 rss=138MB evals60s=0
12:30:37 up=01:37:08 cpu=17.0 mt=2468 layout=0 layout%=0 rss=139MB evals60s=0
12:31:37 up=01:38:08 cpu=17.9 mt=2456 layout=1 layout%=0 rss=139MB evals60s=0
12:32:37 up=01:39:08 cpu=17.5 mt=2475 layout=0 layout%=0 rss=139MB evals60s=0
12:33:37 up=01:40:08 cpu=17.6 mt=2277 layout=0 layout%=0 rss=138MB evals60s=0
12:34:38 up=01:41:09 cpu=18.2 mt=2273 layout=0 layout%=0 rss=139MB evals60s=0
12:35:38 up=01:42:09 cpu=18.3 mt=2266 layout=0 layout%=0 rss=139MB evals60s=0
12:36:39 up=01:43:09 cpu=17.0 mt=2272 layout=1 layout%=0 rss=138MB evals60s=0
12:37:39 up=01:44:10 cpu=16.9 mt=2277 layout=0 layout%=0 rss=139MB evals60s=0
12:38:39 up=01:45:10 cpu=18.1 mt=2270 layout=2 layout%=0 rss=139MB evals60s=0
12:39:39 up=01:46:10 cpu=17.2 mt=2272 layout=1 layout%=0 rss=139MB evals60s=0
12:40:40 up=01:47:11 cpu=16.8 mt=2276 layout=0 layout%=0 rss=139MB evals60s=0
12:41:40 up=01:48:11 cpu=18.4 mt=2270 layout=0 layout%=0 rss=139MB evals60s=0
12:42:41 up=01:49:12 cpu=17.8 mt=2277 layout=0 layout%=0 rss=139MB evals60s=0
12:43:41 up=01:50:12 cpu=17.2 mt=2280 layout=0 layout%=0 rss=139MB evals60s=0
12:44:41 up=01:51:12 cpu=20.2 mt=2398 layout=7 layout%=0 rss=139MB evals60s=0
12:45:42 up=01:52:13 cpu=8.9 mt=2519 layout=9 layout%=0 rss=139MB evals60s=0
12:46:42 up=01:53:13 cpu=9.3 mt=2512 layout=0 layout%=0 rss=139MB evals60s=0
12:47:42 up=01:54:13 cpu=7.9 mt=2473 layout=0 layout%=0 rss=139MB evals60s=0
12:48:43 up=01:55:14 cpu=9.4 mt=2487 layout=0 layout%=0 rss=139MB evals60s=0
12:49:43 up=01:56:14 cpu=8.1 mt=2502 layout=0 layout%=0 rss=139MB evals60s=0
12:50:43 up=01:57:14 cpu=8.3 mt=2496 layout=1 layout%=0 rss=138MB evals60s=0
12:51:44 up=01:58:15 cpu=10.2 mt=2531 layout=1 layout%=0 rss=139MB evals60s=0
12:52:44 up=01:59:15 cpu=8.3 mt=2490 layout=0 layout%=0 rss=139MB evals60s=0
12:53:44 up=02:00:15 cpu=7.9 mt=2505 layout=1 layout%=0 rss=138MB evals60s=0
12:54:45 up=02:01:16 cpu=9.1 mt=2515 layout=1 layout%=0 rss=139MB evals60s=0
12:55:45 up=02:02:16 cpu=11.2 mt=2517 layout=3 layout%=0 rss=139MB evals60s=0
12:56:46 up=02:03:17 cpu=8.1 mt=2498 layout=0 layout%=0 rss=139MB evals60s=0
12:57:46 up=02:04:17 cpu=9.3 mt=2529 layout=0 layout%=0 rss=139MB evals60s=0
12:58:46 up=02:05:17 cpu=8.4 mt=2544 layout=0 layout%=0 rss=139MB evals60s=0
12:59:47 up=02:06:18 cpu=8.3 mt=2560 layout=0 layout%=0 rss=139MB evals60s=0
13:00:47 up=02:07:18 cpu=10.9 mt=2484 layout=0 layout%=0 rss=139MB evals60s=0
13:01:47 up=02:08:18 cpu=9.5 mt=2456 layout=0 layout%=0 rss=139MB evals60s=0
13:02:48 up=02:09:19 cpu=9.0 mt=2483 layout=0 layout%=0 rss=139MB evals60s=0
13:03:48 up=02:10:19 cpu=8.0 mt=2523 layout=0 layout%=0 rss=139MB evals60s=0
13:04:49 up=02:11:20 cpu=9.1 mt=2520 layout=0 layout%=0 rss=139MB evals60s=0
13:05:49 up=02:12:20 cpu=8.5 mt=2491 layout=0 layout%=0 rss=139MB evals60s=0
13:06:49 up=02:13:20 cpu=11.1 mt=2524 layout=2 layout%=0 rss=140MB evals60s=0
13:07:50 up=02:14:21 cpu=20.1 mt=2488 layout=0 layout%=0 rss=140MB evals60s=0
13:08:50 up=02:15:21 cpu=20.2 mt=2418 layout=0 layout%=0 rss=140MB evals60s=0
13:09:51 up=02:16:22 cpu=17.4 mt=2424 layout=1 layout%=0 rss=140MB evals60s=0
13:10:51 up=02:17:22 cpu=19.4 mt=2424 layout=2 layout%=0 rss=140MB evals60s=0
13:11:52 up=02:18:23 cpu=17.8 mt=2425 layout=0 layout%=0 rss=140MB evals60s=0
13:12:52 up=02:19:23 cpu=18.2 mt=2443 layout=0 layout%=0 rss=140MB evals60s=0
13:13:52 up=02:20:23 cpu=19.5 mt=2432 layout=1 layout%=0 rss=140MB evals60s=0
13:14:53 up=02:21:24 cpu=17.7 mt=2442 layout=0 layout%=0 rss=140MB evals60s=0
13:15:53 up=02:22:24 cpu=19.1 mt=2460 layout=0 layout%=0 rss=140MB evals60s=0
13:16:53 up=02:23:24 cpu=19.6 mt=2423 layout=0 layout%=0 rss=140MB evals60s=0
13:17:54 up=02:24:25 cpu=18.9 mt=2413 layout=0 layout%=0 rss=140MB evals60s=0
13:18:54 up=02:25:25 cpu=17.7 mt=2545 layout=1 layout%=0 rss=140MB evals60s=0
13:19:55 up=02:26:26 cpu=19.2 mt=2429 layout=2 layout%=0 rss=140MB evals60s=0
13:20:55 up=02:27:26 cpu=18.8 mt=2430 layout=0 layout%=0 rss=140MB evals60s=0
13:21:56 up=02:28:27 cpu=18.4 mt=2426 layout=0 layout%=0 rss=140MB evals60s=0
13:22:56 up=02:29:27 cpu=18.4 mt=2429 layout=0 layout%=0 rss=140MB evals60s=0
13:23:56 up=02:30:27 cpu=18.1 mt=2444 layout=0 layout%=0 rss=140MB evals60s=0
13:24:57 up=02:31:28 cpu=17.3 mt=2544 layout=0 layout%=0 rss=140MB evals60s=0
13:25:57 up=02:32:28 cpu=18.5 mt=2433 layout=0 layout%=0 rss=140MB evals60s=0
13:26:58 up=02:33:29 cpu=18.7 mt=2437 layout=0 layout%=0 rss=140MB evals60s=0
13:27:58 up=02:34:29 cpu=19.1 mt=2555 layout=1 layout%=0 rss=140MB evals60s=0
13:28:59 up=02:35:30 cpu=19.9 mt=2466 layout=0 layout%=0 rss=140MB evals60s=0
13:29:59 up=02:36:30 cpu=18.3 mt=2440 layout=0 layout%=0 rss=140MB evals60s=0
13:31:00 up=02:37:31 cpu=18.6 mt=2459 layout=0 layout%=0 rss=140MB evals60s=0
13:32:00 up=02:38:31 cpu=18.7 mt=2510 layout=0 layout%=0 rss=140MB evals60s=0
13:33:00 up=02:39:31 cpu=18.0 mt=2489 layout=1 layout%=0 rss=140MB evals60s=0
13:34:01 up=02:40:32 cpu=19.7 mt=2446 layout=0 layout%=0 rss=140MB evals60s=0
13:35:01 up=02:41:32 cpu=18.0 mt=2441 layout=0 layout%=0 rss=140MB evals60s=0
13:36:02 up=02:42:33 cpu=19.2 mt=2424 layout=1 layout%=0 rss=140MB evals60s=0
13:37:02 up=02:43:33 cpu=17.1 mt=2478 layout=0 layout%=0 rss=140MB evals60s=0
13:38:02 up=02:44:33 cpu=20.2 mt=2445 layout=0 layout%=0 rss=141MB evals60s=0
13:39:03 up=02:45:34 cpu=17.6 mt=2525 layout=0 layout%=0 rss=140MB evals60s=0
13:40:03 up=02:46:34 cpu=18.5 mt=2449 layout=0 layout%=0 rss=140MB evals60s=0
13:41:04 up=02:47:35 cpu=19.0 mt=2424 layout=1 layout%=0 rss=140MB evals60s=0
13:42:04 up=02:48:35 cpu=18.4 mt=2427 layout=0 layout%=0 rss=140MB evals60s=0
13:43:04 up=02:49:35 cpu=19.2 mt=2429 layout=2 layout%=0 rss=141MB evals60s=0
13:44:05 up=02:50:36 cpu=19.0 mt=2439 layout=1 layout%=0 rss=141MB evals60s=0
13:45:05 up=02:51:36 cpu=18.7 mt=2424 layout=1 layout%=0 rss=140MB evals60s=0
13:46:06 up=02:52:37 cpu=18.4 mt=2455 layout=0 layout%=0 rss=141MB evals60s=0
13:47:06 up=02:53:37 cpu=17.0 mt=2495 layout=0 layout%=0 rss=141MB evals60s=0
13:48:06 up=02:54:37 cpu=19.5 mt=2445 layout=2 layout%=0 rss=141MB evals60s=0
13:49:07 up=02:55:38 cpu=19.1 mt=2533 layout=1 layout%=0 rss=141MB evals60s=0
13:50:07 up=02:56:38 cpu=19.5 mt=2425 layout=1 layout%=0 rss=141MB evals60s=0
13:51:07 up=02:57:38 cpu=19.5 mt=2453 layout=0 layout%=0 rss=141MB evals60s=0
13:52:08 up=02:58:39 cpu=19.8 mt=2451 layout=0 layout%=0 rss=141MB evals60s=0
13:53:08 up=02:59:39 cpu=19.3 mt=2446 layout=0 layout%=0 rss=141MB evals60s=0
13:54:09 up=03:00:39 cpu=19.4 mt=2465 layout=1 layout%=0 rss=141MB evals60s=0
13:55:09 up=03:01:40 cpu=18.8 mt=2447 layout=1 layout%=0 rss=141MB evals60s=0
13:56:09 up=03:02:40 cpu=17.7 mt=2442 layout=0 layout%=0 rss=141MB evals60s=0
13:57:10 up=03:03:41 cpu=18.5 mt=2519 layout=0 layout%=0 rss=141MB evals60s=0
13:58:10 up=03:04:41 cpu=0.2 mt=2526 layout=7 layout%=0 rss=141MB evals60s=0
13:59:10 up=03:05:41 cpu=0.6 mt=2552 layout=5 layout%=0 rss=140MB evals60s=0
14:00:11 up=03:06:42 cpu=0.3 mt=2583 layout=6 layout%=0 rss=140MB evals60s=0
14:01:11 up=03:07:42 cpu=1.7 mt=2549 layout=9 layout%=0 rss=140MB evals60s=0
14:02:11 up=03:08:42 cpu=4.9 mt=2494 layout=0 layout%=0 rss=140MB evals60s=0
14:03:12 up=03:09:43 cpu=0.4 mt=2541 layout=6 layout%=0 rss=141MB evals60s=0
14:04:12 up=03:10:43 cpu=0.3 mt=2559 layout=6 layout%=0 rss=141MB evals60s=0
14:05:12 up=03:11:43 cpu=0.8 mt=2557 layout=7 layout%=0 rss=141MB evals60s=0
14:06:13 up=03:12:44 cpu=0.3 mt=2546 layout=6 layout%=0 rss=141MB evals60s=0
14:07:13 up=03:13:44 cpu=5.3 mt=2493 layout=0 layout%=0 rss=141MB evals60s=0
14:08:13 up=03:14:44 cpu=0.5 mt=2553 layout=6 layout%=0 rss=141MB evals60s=0
14:09:14 up=03:15:45 cpu=0.4 mt=2559 layout=8 layout%=0 rss=141MB evals60s=0
14:10:14 up=03:16:45 cpu=0.4 mt=2546 layout=1 layout%=0 rss=141MB evals60s=0
14:11:14 up=03:17:45 cpu=0.4 mt=2553 layout=7 layout%=0 rss=141MB evals60s=0
14:12:15 up=03:18:46 cpu=0.2 mt=2555 layout=6 layout%=0 rss=141MB evals60s=0
14:13:15 up=03:19:46 cpu=1.3 mt=2552 layout=6 layout%=0 rss=141MB evals60s=0
14:14:15 up=03:20:46 cpu=0.6 mt=2538 layout=6 layout%=0 rss=141MB evals60s=0
14:15:16 up=03:21:47 cpu=0.3 mt=2546 layout=6 layout%=0 rss=142MB evals60s=0
14:16:16 up=03:22:47 cpu=1.3 mt=2551 layout=7 layout%=0 rss=142MB evals60s=0
14:17:17 up=03:23:47 cpu=0.7 mt=2547 layout=7 layout%=0 rss=142MB evals60s=0
14:18:17 up=03:24:48 cpu=0.2 mt=2554 layout=6 layout%=0 rss=142MB evals60s=0
14:19:17 up=03:25:48 cpu=1.0 mt=2558 layout=6 layout%=0 rss=142MB evals60s=0
14:20:18 up=03:26:49 cpu=0.4 mt=2551 layout=6 layout%=0 rss=142MB evals60s=0
14:21:18 up=03:27:49 cpu=0.3 mt=2559 layout=6 layout%=0 rss=142MB evals60s=0
14:22:18 up=03:28:49 cpu=0.6 mt=2552 layout=6 layout%=0 rss=142MB evals60s=0
14:23:19 up=03:29:50 cpu=0.4 mt=2554 layout=6 layout%=0 rss=142MB evals60s=0
14:24:19 up=03:30:50 cpu=0.2 mt=2552 layout=7 layout%=0 rss=142MB evals60s=0
14:25:19 up=03:31:50 cpu=0.8 mt=2545 layout=6 layout%=0 rss=142MB evals60s=0
14:26:20 up=03:32:51 cpu=0.4 mt=2553 layout=6 layout%=0 rss=142MB evals60s=0
14:27:20 up=03:33:51 cpu=0.2 mt=2559 layout=7 layout%=0 rss=142MB evals60s=0
14:28:20 up=03:34:51 cpu=0.8 mt=2554 layout=8 layout%=0 rss=142MB evals60s=0
14:29:21 up=03:35:52 cpu=0.4 mt=2550 layout=6 layout%=0 rss=143MB evals60s=0
14:30:21 up=03:36:52 cpu=1.5 mt=2575 layout=6 layout%=0 rss=143MB evals60s=0
14:31:21 up=03:37:52 cpu=0.5 mt=2576 layout=7 layout%=0 rss=143MB evals60s=0
14:32:22 up=03:38:53 cpu=0.2 mt=2565 layout=1 layout%=0 rss=143MB evals60s=0
14:33:22 up=03:39:53 cpu=0.8 mt=2551 layout=7 layout%=0 rss=143MB evals60s=0
14:34:23 up=03:40:54 cpu=0.4 mt=2578 layout=8 layout%=0 rss=143MB evals60s=0
14:35:23 up=03:41:54 cpu=0.4 mt=2563 layout=7 layout%=0 rss=143MB evals60s=0
14:36:23 up=03:42:54 cpu=0.6 mt=2571 layout=7 layout%=0 rss=143MB evals60s=0
14:37:24 up=03:43:55 cpu=0.3 mt=2582 layout=6 layout%=0 rss=143MB evals60s=0
14:38:24 up=03:44:55 cpu=1.1 mt=2551 layout=8 layout%=0 rss=143MB evals60s=0
14:39:24 up=03:45:55 cpu=0.4 mt=2552 layout=8 layout%=0 rss=143MB evals60s=0
14:40:25 up=03:46:56 cpu=0.2 mt=2557 layout=7 layout%=0 rss=143MB evals60s=0
14:41:25 up=03:47:56 cpu=0.9 mt=2571 layout=7 layout%=0 rss=144MB evals60s=0
14:42:26 up=03:48:57 cpu=0.4 mt=2647 layout=6 layout%=0 rss=143MB evals60s=0
14:43:26 up=03:49:57 cpu=1.6 mt=2564 layout=8 layout%=0 rss=144MB evals60s=0
14:44:26 up=03:50:57 cpu=0.8 mt=2572 layout=6 layout%=0 rss=144MB evals60s=0
14:45:27 up=03:51:58 cpu=0.2 mt=2602 layout=7 layout%=0 rss=144MB evals60s=0
14:46:27 up=03:52:58 cpu=1.5 mt=2577 layout=6 layout%=0 rss=144MB evals60s=0
14:47:27 up=03:53:58 cpu=0.7 mt=2584 layout=5 layout%=0 rss=144MB evals60s=0
14:48:28 up=03:54:59 cpu=0.3 mt=2571 layout=6 layout%=0 rss=144MB evals60s=0
14:49:28 up=03:55:59 cpu=0.8 mt=2598 layout=5 layout%=0 rss=144MB evals60s=0
14:50:28 up=03:56:59 cpu=0.3 mt=2577 layout=6 layout%=0 rss=144MB evals60s=0
14:51:29 up=03:58:00 cpu=0.2 mt=2576 layout=5 layout%=0 rss=144MB evals60s=0
14:52:29 up=03:59:00 cpu=1.0 mt=2582 layout=6 layout%=0 rss=144MB evals60s=0
14:53:29 up=04:00:00 cpu=0.6 mt=2596 layout=6 layout%=0 rss=144MB evals60s=0
14:54:30 up=04:01:01 cpu=0.5 mt=2570 layout=6 layout%=0 rss=144MB evals60s=0
14:55:30 up=04:02:01 cpu=1.3 mt=2563 layout=6 layout%=0 rss=144MB evals60s=0
14:56:30 up=04:03:01 cpu=0.8 mt=2517 layout=9 layout%=0 rss=144MB evals60s=0
14:57:31 up=04:04:02 cpu=0.3 mt=2560 layout=6 layout%=0 rss=145MB evals60s=0
14:58:31 up=04:05:02 cpu=2.4 mt=2533 layout=11 layout%=0 rss=145MB evals60s=0
14:59:31 up=04:06:02 cpu=0.9 mt=2296 layout=9 layout%=0 rss=145MB evals60s=0
15:00:32 up=04:07:03 cpu=0.4 mt=2286 layout=10 layout%=0 rss=145MB evals60s=0
15:01:32 up=04:08:03 cpu=1.8 mt=2334 layout=5 layout%=0 rss=145MB evals60s=0
15:02:32 up=04:09:03 cpu=0.8 mt=2343 layout=4 layout%=0 rss=145MB evals60s=0
15:03:33 up=04:10:04 cpu=0.3 mt=2331 layout=5 layout%=0 rss=145MB evals60s=0
15:04:33 up=04:11:04 cpu=0.2 mt=2334 layout=6 layout%=0 rss=145MB evals60s=0
15:05:33 up=04:12:04 cpu=1.3 mt=2337 layout=5 layout%=0 rss=145MB evals60s=0
15:06:33 up=04:13:04 cpu=0.6 mt=2345 layout=5 layout%=0 rss=145MB evals60s=0
15:07:34 up=04:14:05 cpu=0.4 mt=2334 layout=4 layout%=0 rss=145MB evals60s=0
15:08:34 up=04:15:05 cpu=1.0 mt=2333 layout=4 layout%=0 rss=145MB evals60s=0
15:09:34 up=04:16:05 cpu=0.5 mt=2336 layout=5 layout%=0 rss=145MB evals60s=0
15:10:35 up=04:17:06 cpu=0.4 mt=2333 layout=5 layout%=0 rss=145MB evals60s=0
15:11:35 up=04:18:06 cpu=0.2 mt=2357 layout=5 layout%=0 rss=145MB evals60s=0
15:12:35 up=04:19:06 cpu=0.7 mt=2336 layout=5 layout%=0 rss=146MB evals60s=0
15:13:36 up=04:20:06 cpu=0.3 mt=2332 layout=5 layout%=0 rss=146MB evals60s=0
15:14:36 up=04:21:07 cpu=0.2 mt=2332 layout=5 layout%=0 rss=146MB evals60s=0
15:15:36 up=04:22:07 cpu=1.1 mt=2331 layout=4 layout%=0 rss=146MB evals60s=0
15:16:36 up=04:23:07 cpu=0.5 mt=2345 layout=6 layout%=0 rss=146MB evals60s=0
15:17:37 up=04:24:08 cpu=0.2 mt=2342 layout=5 layout%=0 rss=146MB evals60s=0
15:18:37 up=04:25:08 cpu=1.5 mt=2333 layout=4 layout%=0 rss=146MB evals60s=0
15:19:37 up=04:26:08 cpu=0.9 mt=2329 layout=6 layout%=0 rss=146MB evals60s=0
15:20:38 up=04:27:09 cpu=0.3 mt=2331 layout=5 layout%=0 rss=146MB evals60s=0
15:21:38 up=04:28:09 cpu=0.2 mt=2349 layout=4 layout%=0 rss=146MB evals60s=0
15:22:38 up=04:29:09 cpu=0.8 mt=2337 layout=6 layout%=0 rss=146MB evals60s=0
15:23:39 up=04:30:10 cpu=0.3 mt=2334 layout=5 layout%=0 rss=146MB evals60s=0
15:24:39 up=04:31:10 cpu=0.2 mt=2334 layout=6 layout%=0 rss=146MB evals60s=0
15:25:39 up=04:32:10 cpu=1.0 mt=2333 layout=6 layout%=0 rss=146MB evals60s=0
15:26:39 up=04:33:10 cpu=0.3 mt=2333 layout=4 layout%=0 rss=146MB evals60s=0
15:27:40 up=04:34:11 cpu=0.3 mt=2331 layout=6 layout%=0 rss=146MB evals60s=0
15:28:40 up=04:35:11 cpu=1.1 mt=2334 layout=5 layout%=0 rss=147MB evals60s=0
15:29:40 up=04:36:11 cpu=0.5 mt=2330 layout=5 layout%=0 rss=147MB evals60s=0
15:30:41 up=04:37:12 cpu=0.2 mt=2575 layout=6 layout%=0 rss=147MB evals60s=0
15:31:41 up=04:38:12 cpu=1.0 mt=2580 layout=7 layout%=0 rss=147MB evals60s=0
15:32:41 up=04:39:12 cpu=0.5 mt=2586 layout=6 layout%=0 rss=147MB evals60s=0
15:33:42 up=04:40:13 cpu=0.3 mt=2593 layout=6 layout%=0 rss=147MB evals60s=0
15:34:42 up=04:41:13 cpu=0.8 mt=2590 layout=6 layout%=0 rss=147MB evals60s=0
15:35:43 up=04:42:14 cpu=0.3 mt=2589 layout=6 layout%=0 rss=147MB evals60s=0
15:36:43 up=04:43:14 cpu=1.0 mt=2336 layout=4 layout%=0 rss=147MB evals60s=0
15:37:44 up=04:44:15 cpu=0.3 mt=2336 layout=4 layout%=0 rss=147MB evals60s=0
15:38:44 up=04:45:15 cpu=0.3 mt=2335 layout=6 layout%=0 rss=147MB evals60s=0
15:39:44 up=04:46:15 cpu=0.9 mt=2343 layout=5 layout%=0 rss=147MB evals60s=0
15:40:45 up=04:47:16 cpu=0.3 mt=2334 layout=6 layout%=0 rss=147MB evals60s=0
15:41:45 up=04:48:16 cpu=1.6 mt=2338 layout=6 layout%=0 rss=147MB evals60s=0
15:42:45 up=04:49:16 cpu=0.8 mt=2330 layout=4 layout%=0 rss=147MB evals60s=0
15:43:46 up=04:50:17 cpu=0.2 mt=2333 layout=6 layout%=0 rss=147MB evals60s=0
15:44:46 up=04:51:17 cpu=0.9 mt=2327 layout=5 layout%=0 rss=148MB evals60s=0
15:45:47 up=04:52:17 cpu=0.3 mt=2359 layout=6 layout%=0 rss=148MB evals60s=0
15:46:47 up=04:53:18 cpu=0.2 mt=2337 layout=4 layout%=0 rss=148MB evals60s=0
15:47:47 up=04:54:18 cpu=1.0 mt=2343 layout=5 layout%=0 rss=148MB evals60s=0
15:48:48 up=04:55:19 cpu=0.3 mt=2338 layout=5 layout%=0 rss=148MB evals60s=0
15:49:48 up=04:56:19 cpu=1.5 mt=2332 layout=4 layout%=0 rss=148MB evals60s=0
15:50:49 up=04:57:19 cpu=0.5 mt=2325 layout=6 layout%=0 rss=148MB evals60s=0
15:51:49 up=04:58:20 cpu=0.2 mt=2333 layout=5 layout%=0 rss=148MB evals60s=0
15:52:49 up=04:59:20 cpu=1.0 mt=2322 layout=5 layout%=0 rss=148MB evals60s=0
15:53:49 up=05:00:20 cpu=0.6 mt=2329 layout=6 layout%=0 rss=148MB evals60s=0
15:54:50 up=05:01:21 cpu=0.3 mt=2334 layout=6 layout%=0 rss=148MB evals60s=0
15:55:50 up=05:02:21 cpu=0.2 mt=2340 layout=4 layout%=0 rss=148MB evals60s=0
15:56:50 up=05:03:21 cpu=0.6 mt=2331 layout=5 layout%=0 rss=148MB evals60s=0
15:57:51 up=05:04:22 cpu=0.2 mt=2332 layout=5 layout%=0 rss=148MB evals60s=0
15:58:51 up=05:05:22 cpu=0.9 mt=2333 layout=6 layout%=0 rss=148MB evals60s=0
15:59:52 up=05:06:23 cpu=0.4 mt=2332 layout=5 layout%=0 rss=148MB evals60s=0
16:00:52 up=05:07:23 cpu=0.2 mt=2337 layout=6 layout%=0 rss=149MB evals60s=0
16:01:52 up=05:08:23 cpu=0.8 mt=2344 layout=6 layout%=0 rss=149MB evals60s=0
16:02:53 up=05:09:24 cpu=0.3 mt=2332 layout=6 layout%=0 rss=149MB evals60s=0
16:03:53 up=05:10:24 cpu=0.2 mt=2337 layout=5 layout%=0 rss=149MB evals60s=0
16:04:53 up=05:11:24 cpu=0.5 mt=2333 layout=4 layout%=0 rss=149MB evals60s=0
16:05:54 up=05:12:25 cpu=0.3 mt=2331 layout=6 layout%=0 rss=149MB evals60s=0
16:06:54 up=05:13:25 cpu=0.8 mt=2349 layout=5 layout%=0 rss=149MB evals60s=0
16:07:55 up=05:14:26 cpu=0.3 mt=2332 layout=5 layout%=0 rss=149MB evals60s=0
16:08:55 up=05:15:26 cpu=0.2 mt=2341 layout=6 layout%=0 rss=149MB evals60s=0
16:09:55 up=05:16:26 cpu=1.9 mt=2328 layout=5 layout%=0 rss=149MB evals60s=0
16:10:55 up=05:17:26 cpu=0.7 mt=2337 layout=5 layout%=0 rss=149MB evals60s=0
16:11:56 up=05:18:27 cpu=0.2 mt=2337 layout=6 layout%=0 rss=149MB evals60s=0
16:12:56 up=05:19:27 cpu=0.2 mt=2340 layout=5 layout%=0 rss=149MB evals60s=0
16:13:56 up=05:20:27 cpu=1.1 mt=2337 layout=6 layout%=0 rss=149MB evals60s=0
16:14:57 up=05:21:28 cpu=0.6 mt=2336 layout=5 layout%=0 rss=149MB evals60s=0
16:15:57 up=05:22:28 cpu=0.2 mt=2334 layout=6 layout%=0 rss=149MB evals60s=0
16:16:57 up=05:23:28 cpu=1.1 mt=2333 layout=6 layout%=0 rss=150MB evals60s=0
16:17:57 up=05:24:28 cpu=0.5 mt=2335 layout=6 layout%=0 rss=150MB evals60s=0
16:18:58 up=05:25:29 cpu=0.2 mt=2336 layout=6 layout%=0 rss=150MB evals60s=0
16:19:58 up=05:26:29 cpu=0.6 mt=2333 layout=6 layout%=0 rss=150MB evals60s=0
16:20:59 up=05:27:30 cpu=0.3 mt=2334 layout=5 layout%=0 rss=150MB evals60s=0
16:21:59 up=05:28:30 cpu=0.3 mt=2332 layout=5 layout%=0 rss=150MB evals60s=0
16:22:59 up=05:29:30 cpu=0.8 mt=2333 layout=4 layout%=0 rss=150MB evals60s=0
16:24:00 up=05:30:31 cpu=0.3 mt=2327 layout=6 layout%=0 rss=150MB evals60s=0
16:25:00 up=05:31:31 cpu=1.5 mt=2338 layout=5 layout%=0 rss=150MB evals60s=0
16:26:00 up=05:32:31 cpu=0.5 mt=2331 layout=4 layout%=0 rss=150MB evals60s=0
16:27:01 up=05:33:32 cpu=0.2 mt=2334 layout=6 layout%=0 rss=150MB evals60s=0
16:28:01 up=05:34:32 cpu=1.1 mt=2331 layout=6 layout%=0 rss=150MB evals60s=0
16:29:02 up=05:35:33 cpu=0.3 mt=2330 layout=5 layout%=0 rss=150MB evals60s=0
16:30:02 up=05:36:33 cpu=1.5 mt=2336 layout=5 layout%=0 rss=150MB evals60s=0
16:31:02 up=05:37:33 cpu=0.3 mt=2337 layout=4 layout%=0 rss=150MB evals60s=0
16:32:03 up=05:38:34 cpu=1.5 mt=2334 layout=5 layout%=0 rss=150MB evals60s=0
16:33:03 up=05:39:34 cpu=0.8 mt=2335 layout=4 layout%=0 rss=150MB evals60s=0
16:34:04 up=05:40:35 cpu=0.3 mt=2335 layout=6 layout%=0 rss=151MB evals60s=0
16:35:04 up=05:41:35 cpu=1.0 mt=2338 layout=6 layout%=0 rss=151MB evals60s=0
16:36:04 up=05:42:35 cpu=0.6 mt=2332 layout=6 layout%=0 rss=151MB evals60s=0
16:37:05 up=05:43:36 cpu=0.2 mt=2334 layout=5 layout%=0 rss=151MB evals60s=0
16:38:05 up=05:44:36 cpu=0.9 mt=2332 layout=4 layout%=0 rss=151MB evals60s=0
16:39:06 up=05:45:37 cpu=0.3 mt=2334 layout=5 layout%=0 rss=151MB evals60s=0
16:40:06 up=05:46:37 cpu=1.1 mt=2332 layout=5 layout%=0 rss=151MB evals60s=0
16:41:07 up=05:47:38 cpu=0.3 mt=2333 layout=5 layout%=0 rss=151MB evals60s=0
16:42:07 up=05:48:38 cpu=1.7 mt=2335 layout=6 layout%=0 rss=151MB evals60s=0
16:43:07 up=05:49:38 cpu=0.5 mt=2334 layout=4 layout%=0 rss=151MB evals60s=0
16:44:08 up=05:50:39 cpu=0.2 mt=2343 layout=5 layout%=0 rss=151MB evals60s=0
16:45:08 up=05:51:39 cpu=1.0 mt=2342 layout=6 layout%=0 rss=151MB evals60s=0
16:46:08 up=05:52:39 cpu=0.5 mt=2335 layout=6 layout%=0 rss=151MB evals60s=0
16:47:09 up=05:53:40 cpu=1.4 mt=2339 layout=4 layout%=0 rss=151MB evals60s=0
16:48:09 up=05:54:40 cpu=0.5 mt=2337 layout=5 layout%=0 rss=152MB evals60s=0
16:49:10 up=05:55:41 cpu=0.2 mt=2336 layout=5 layout%=0 rss=152MB evals60s=0
16:50:10 up=05:56:41 cpu=1.1 mt=2336 layout=5 layout%=0 rss=152MB evals60s=0
16:51:11 up=05:57:42 cpu=0.3 mt=2334 layout=6 layout%=0 rss=152MB evals60s=0
16:52:11 up=05:58:42 cpu=0.9 mt=2334 layout=6 layout%=0 rss=152MB evals60s=0
16:53:11 up=05:59:42 cpu=0.4 mt=2331 layout=5 layout%=0 rss=152MB evals60s=0
16:54:12 up=06:00:43 cpu=0.2 mt=2334 layout=4 layout%=0 rss=152MB evals60s=0
16:55:12 up=06:01:43 cpu=0.7 mt=2337 layout=4 layout%=0 rss=152MB evals60s=0
16:56:13 up=06:02:44 cpu=0.4 mt=2338 layout=5 layout%=0 rss=152MB evals60s=0
16:57:13 up=06:03:44 cpu=1.5 mt=2332 layout=4 layout%=0 rss=152MB evals60s=0
16:58:13 up=06:04:44 cpu=0.8 mt=2340 layout=5 layout%=0 rss=152MB evals60s=0
16:59:14 up=06:05:45 cpu=0.2 mt=2331 layout=5 layout%=0 rss=152MB evals60s=0
17:00:14 up=06:06:45 cpu=1.1 mt=2336 layout=6 layout%=0 rss=152MB evals60s=0
17:01:14 up=06:07:45 cpu=0.3 mt=2348 layout=5 layout%=0 rss=152MB evals60s=0
17:02:15 up=06:08:46 cpu=0.2 mt=2334 layout=6 layout%=0 rss=152MB evals60s=0
17:03:15 up=06:09:46 cpu=0.8 mt=2335 layout=6 layout%=0 rss=152MB evals60s=0
17:04:16 up=06:10:47 cpu=0.3 mt=2332 layout=6 layout%=0 rss=153MB evals60s=0
17:05:16 up=06:11:47 cpu=1.5 mt=2334 layout=3 layout%=0 rss=153MB evals60s=0
17:06:17 up=06:12:48 cpu=0.2 mt=2333 layout=6 layout%=0 rss=153MB evals60s=0
17:07:17 up=06:13:48 cpu=1.7 mt=2382 layout=5 layout%=0 rss=153MB evals60s=0
17:08:17 up=06:14:48 cpu=0.8 mt=2334 layout=1 layout%=0 rss=153MB evals60s=0
17:09:18 up=06:15:49 cpu=0.3 mt=2335 layout=5 layout%=0 rss=153MB evals60s=0
17:10:18 up=06:16:49 cpu=0.2 mt=2336 layout=5 layout%=0 rss=153MB evals60s=0
17:11:18 up=06:17:49 cpu=0.9 mt=2349 layout=3 layout%=0 rss=153MB evals60s=0
17:12:18 up=06:18:49 cpu=0.5 mt=2334 layout=6 layout%=0 rss=153MB evals60s=0
17:13:19 up=06:19:50 cpu=0.2 mt=2335 layout=5 layout%=0 rss=153MB evals60s=0
17:14:19 up=06:20:50 cpu=0.9 mt=2339 layout=5 layout%=0 rss=153MB evals60s=0
17:15:19 up=06:21:50 cpu=0.3 mt=2333 layout=5 layout%=0 rss=153MB evals60s=0
17:16:20 up=06:22:51 cpu=0.3 mt=2333 layout=4 layout%=0 rss=153MB evals60s=0
17:17:20 up=06:23:51 cpu=0.8 mt=2328 layout=6 layout%=0 rss=153MB evals60s=0
17:18:21 up=06:24:52 cpu=0.3 mt=2331 layout=5 layout%=0 rss=154MB evals60s=0
17:19:21 up=06:25:52 cpu=0.8 mt=2330 layout=5 layout%=0 rss=154MB evals60s=0
17:20:22 up=06:26:53 cpu=0.3 mt=2334 layout=4 layout%=0 rss=154MB evals60s=0
17:21:22 up=06:27:53 cpu=1.1 mt=2333 layout=6 layout%=0 rss=154MB evals60s=0
17:22:23 up=06:28:54 cpu=0.3 mt=2334 layout=6 layout%=0 rss=154MB evals60s=0
17:23:23 up=06:29:54 cpu=1.0 mt=2331 layout=5 layout%=0 rss=154MB evals60s=0
17:24:24 up=06:30:54 cpu=0.3 mt=2331 layout=5 layout%=0 rss=155MB evals60s=0
17:25:24 up=06:31:55 cpu=1.5 mt=2347 layout=6 layout%=0 rss=155MB evals60s=0
17:26:24 up=06:32:55 cpu=0.7 mt=2345 layout=6 layout%=0 rss=155MB evals60s=0
17:27:25 up=06:33:56 cpu=0.2 mt=2335 layout=6 layout%=0 rss=155MB evals60s=0
17:28:25 up=06:34:56 cpu=0.7 mt=2340 layout=7 layout%=0 rss=155MB evals60s=0
17:29:26 up=06:35:57 cpu=0.3 mt=2335 layout=6 layout%=0 rss=155MB evals60s=0
17:30:26 up=06:36:57 cpu=1.5 mt=2332 layout=6 layout%=0 rss=155MB evals60s=0
17:31:26 up=06:37:57 cpu=0.5 mt=2334 layout=5 layout%=0 rss=155MB evals60s=0
17:32:27 up=06:38:58 cpu=0.3 mt=2339 layout=6 layout%=0 rss=155MB evals60s=0
17:33:27 up=06:39:58 cpu=1.1 mt=2335 layout=4 layout%=0 rss=155MB evals60s=0
17:34:27 up=06:40:58 cpu=0.6 mt=2337 layout=4 layout%=0 rss=155MB evals60s=0
17:35:28 up=06:41:59 cpu=0.2 mt=2338 layout=6 layout%=0 rss=156MB evals60s=0
17:36:28 up=06:42:59 cpu=1.2 mt=2332 layout=5 layout%=0 rss=156MB evals60s=0
17:37:29 up=06:44:00 cpu=0.3 mt=2333 layout=7 layout%=0 rss=156MB evals60s=0
17:38:29 up=06:45:00 cpu=1.0 mt=2337 layout=5 layout%=0 rss=156MB evals60s=0
17:39:30 up=06:46:01 cpu=0.4 mt=2334 layout=5 layout%=0 rss=156MB evals60s=0
17:40:30 up=06:47:01 cpu=1.3 mt=2336 layout=5 layout%=0 rss=156MB evals60s=0
17:41:31 up=06:48:01 cpu=0.5 mt=2329 layout=5 layout%=0 rss=156MB evals60s=0
17:42:31 up=06:49:02 cpu=0.2 mt=2338 layout=6 layout%=0 rss=156MB evals60s=0
17:43:31 up=06:50:02 cpu=0.8 mt=2339 layout=6 layout%=0 rss=156MB evals60s=0
17:44:32 up=06:51:03 cpu=0.4 mt=2340 layout=6 layout%=0 rss=156MB evals60s=0
17:45:32 up=06:52:03 cpu=1.6 mt=2334 layout=5 layout%=0 rss=156MB evals60s=0
17:46:33 up=06:53:04 cpu=0.3 mt=2330 layout=5 layout%=0 rss=156MB evals60s=0
17:47:33 up=06:54:04 cpu=1.5 mt=2337 layout=6 layout%=0 rss=156MB evals60s=0
17:48:33 up=06:55:04 cpu=4.3 mt=2294 layout=0 layout%=0 rss=156MB evals60s=0
17:49:34 up=06:56:05 cpu=0.3 mt=2335 layout=4 layout%=0 rss=156MB evals60s=0
17:50:34 up=06:57:05 cpu=0.7 mt=2333 layout=5 layout%=0 rss=157MB evals60s=0
17:51:35 up=06:58:06 cpu=0.2 mt=2334 layout=4 layout%=0 rss=157MB evals60s=0
17:52:35 up=06:59:06 cpu=0.7 mt=2337 layout=5 layout%=0 rss=157MB evals60s=0
17:53:36 up=07:00:07 cpu=0.2 mt=2338 layout=6 layout%=0 rss=157MB evals60s=0
17:54:36 up=07:01:07 cpu=1.1 mt=2342 layout=6 layout%=0 rss=157MB evals60s=0
17:55:37 up=07:02:08 cpu=0.2 mt=2337 layout=5 layout%=0 rss=157MB evals60s=0
17:56:37 up=07:03:08 cpu=1.1 mt=2330 layout=6 layout%=0 rss=157MB evals60s=0
17:57:38 up=07:04:09 cpu=0.3 mt=2338 layout=5 layout%=0 rss=157MB evals60s=0
17:58:38 up=07:05:09 cpu=0.9 mt=2346 layout=6 layout%=0 rss=157MB evals60s=0
17:59:39 up=07:06:10 cpu=0.4 mt=2336 layout=4 layout%=0 rss=157MB evals60s=0
18:00:39 up=07:07:10 cpu=1.8 mt=2338 layout=4 layout%=0 rss=157MB evals60s=0
18:01:39 up=07:08:10 cpu=0.5 mt=2332 layout=5 layout%=0 rss=157MB evals60s=0
18:02:40 up=07:09:11 cpu=0.2 mt=2337 layout=6 layout%=0 rss=157MB evals60s=0
18:03:40 up=07:10:11 cpu=0.7 mt=2338 layout=5 layout%=0 rss=157MB evals60s=0
18:04:41 up=07:11:12 cpu=0.2 mt=2604 layout=7 layout%=0 rss=158MB evals60s=0
18:05:41 up=07:12:12 cpu=1.1 mt=2569 layout=6 layout%=0 rss=158MB evals60s=0
18:06:41 up=07:13:12 cpu=0.5 mt=2585 layout=5 layout%=0 rss=158MB evals60s=0
18:07:42 up=07:14:13 cpu=4.1 mt=2571 layout=1 layout%=0 rss=159MB evals60s=0
18:08:42 up=07:15:13 cpu=4.9 mt=2568 layout=1 layout%=0 rss=159MB evals60s=0
18:09:42 up=07:16:13 cpu=4.9 mt=2552 layout=0 layout%=0 rss=159MB evals60s=0
18:10:43 up=07:17:14 cpu=4.3 mt=2525 layout=1 layout%=0 rss=159MB evals60s=0
18:11:43 up=07:18:14 cpu=4.5 mt=2499 layout=0 layout%=0 rss=160MB evals60s=0
18:12:43 up=07:19:14 cpu=4.5 mt=2533 layout=0 layout%=0 rss=160MB evals60s=0
18:13:44 up=07:20:15 cpu=4.1 mt=2532 layout=1 layout%=0 rss=160MB evals60s=0
18:14:44 up=07:21:15 cpu=4.1 mt=2544 layout=0 layout%=0 rss=160MB evals60s=0
18:15:44 up=07:22:15 cpu=4.0 mt=2534 layout=0 layout%=0 rss=160MB evals60s=0
18:16:45 up=07:23:16 cpu=4.6 mt=2553 layout=1 layout%=0 rss=160MB evals60s=0
18:17:45 up=07:24:16 cpu=4.2 mt=2544 layout=1 layout%=0 rss=160MB evals60s=0
18:18:45 up=07:25:16 cpu=4.1 mt=2540 layout=0 layout%=0 rss=160MB evals60s=0
18:19:46 up=07:26:17 cpu=4.3 mt=2550 layout=0 layout%=0 rss=160MB evals60s=0
18:20:46 up=07:27:17 cpu=4.7 mt=0 layout=4 layout%=0 rss=160MB evals60s=0
18:21:46 up=07:28:17 cpu=4.8 mt=2528 layout=2 layout%=0 rss=160MB evals60s=0
18:22:47 up=07:29:18 cpu=5.5 mt=2535 layout=1 layout%=0 rss=160MB evals60s=0
18:23:47 up=07:30:18 cpu=4.8 mt=2532 layout=1 layout%=0 rss=160MB evals60s=0
18:24:48 up=07:31:18 cpu=5.1 mt=2516 layout=1 layout%=0 rss=160MB evals60s=0
18:25:48 up=07:32:19 cpu=4.6 mt=2550 layout=12 layout%=0 rss=174MB evals60s=0
18:26:48 up=07:33:19 cpu=5.3 mt=2538 layout=4 layout%=0 rss=174MB evals60s=0
18:27:49 up=07:34:20 cpu=4.9 mt=2543 layout=3 layout%=0 rss=174MB evals60s=0
18:28:49 up=07:35:20 cpu=4.5 mt=2544 layout=3 layout%=0 rss=174MB evals60s=0
18:29:49 up=07:36:20 cpu=5.8 mt=2499 layout=2 layout%=0 rss=173MB evals60s=0
18:30:50 up=07:37:21 cpu=6.7 mt=2532 layout=0 layout%=0 rss=174MB evals60s=0
18:31:50 up=07:38:21 cpu=4.8 mt=2547 layout=1 layout%=0 rss=161MB evals60s=0
18:32:50 up=07:39:21 cpu=5.1 mt=2535 layout=0 layout%=0 rss=161MB evals60s=0
18:33:51 up=07:40:22 cpu=5.4 mt=2575 layout=1 layout%=0 rss=161MB evals60s=0
18:34:51 up=07:41:22 cpu=7.9 mt=2451 layout=3 layout%=0 rss=161MB evals60s=0
